,timestamp,temp1,temp2
0,2023-09-20 11:37:51,22.1,25.1
1,2023-09-20 11:38:50,22.8,27.0
2,2023-09-20 11:39:50,23.9,27.7
3,2023-09-20 11:40:50,22.7,26.5
4,2023-09-20 11:41:50,22.9,26.5
5,2023-09-20 11:42:50,21.9,25.7
6,2023-09-20 11:43:50,21.9,25.6
7,2023-09-20 11:44:50,22.3,25.6
8,2023-09-20 11:45:50,21.9,25.4
9,2023-09-20 11:46:50,21.1,25.0
10,2023-09-20 11:47:50,21.9,25.9
11,2023-09-20 11:48:50,22.0,26.4
12,2023-09-20 11:49:51,22.7,27.6
13,2023-09-20 11:50:50,22.4,27.1
14,2023-09-20 11:51:51,21.8,26.0
15,2023-09-20 11:52:52,21.3,25.3
16,2023-09-20 11:53:51,21.8,25.9
17,2023-09-20 11:54:51,22.2,26.7
18,2023-09-20 11:55:51,22.9,27.4
19,2023-09-20 11:56:51,21.8,26.5
20,2023-09-20 11:57:51,21.6,25.8
21,2023-09-20 11:58:51,22.4,27.2
22,2023-09-20 11:59:51,21.4,25.9
23,2023-09-20 12:00:51,21.9,26.4
24,2023-09-20 12:01:51,21.2,25.5
25,2023-09-20 12:02:51,21.1,24.7
26,2023-09-20 12:03:51,21.5,25.6
27,2023-09-20 12:04:51,22.1,26.3
28,2023-09-20 12:05:51,21.5,25.9
29,2023-09-20 12:06:51,21.6,25.5
30,2023-09-20 12:07:52,21.4,25.3
31,2023-09-20 12:08:52,22.1,26.5
32,2023-09-20 12:09:52,23.1,28.5
33,2023-09-20 12:10:52,22.0,27.2
34,2023-09-20 12:11:52,23.2,28.5
35,2023-09-20 12:12:52,24.7,30.1
36,2023-09-20 12:13:52,25.1,31.3
37,2023-09-20 12:14:52,24.9,31.1
38,2023-09-20 12:15:52,23.9,31.0
39,2023-09-20 12:17:52,23.0,29.3
40,2023-09-20 12:18:52,23.1,29.1
41,2023-09-20 12:19:52,24.1,30.8
42,2023-09-20 12:20:52,25.1,32.2
43,2023-09-20 12:21:53,24.5,30.8
44,2023-09-20 12:22:52,22.6,28.9
45,2023-09-20 12:23:53,21.8,27.6
46,2023-09-20 12:24:53,21.3,26.6
47,2023-09-20 12:25:53,21.2,26.5
48,2023-09-20 12:26:53,21.8,27.3
49,2023-09-20 12:27:53,23.3,28.8
50,2023-09-20 12:28:53,23.9,30.1
51,2023-09-20 12:29:53,21.5,28.2
52,2023-09-20 12:30:53,21.4,27.2
53,2023-09-20 12:31:53,22.3,27.8
54,2023-09-20 12:32:53,21.9,27.2
55,2023-09-20 12:33:53,21.3,26.7
56,2023-09-20 12:34:57,21.0,26.3
57,2023-09-20 12:35:53,21.0,26.0
58,2023-09-20 12:36:53,20.7,25.8
59,2023-09-20 12:37:53,20.8,25.7
60,2023-09-20 12:38:53,21.1,26.0
61,2023-09-20 12:39:54,21.6,26.3
62,2023-09-20 12:41:54,22.2,27.1
63,2023-09-20 12:42:54,21.5,26.6
64,2023-09-20 12:43:54,21.1,26.2
65,2023-09-20 12:44:54,21.2,26.3
66,2023-09-20 12:45:54,21.2,26.0
67,2023-09-20 12:46:54,21.2,26.1
68,2023-09-20 12:47:54,20.8,25.8
69,2023-09-20 12:48:54,20.8,25.6
70,2023-09-20 12:49:54,20.8,25.4
71,2023-09-20 12:50:54,20.8,25.5
72,2023-09-20 12:51:54,20.9,25.9
73,2023-09-20 12:52:54,22.1,27.2
74,2023-09-20 12:53:54,22.3,27.7
75,2023-09-20 12:54:54,22.7,28.0
76,2023-09-20 12:55:55,23.0,28.7
77,2023-09-20 12:56:55,23.8,30.1
78,2023-09-20 12:57:55,24.4,31.0
79,2023-09-20 12:58:55,24.1,31.3
80,2023-09-20 12:59:55,23.8,31.5
81,2023-09-20 13:00:55,23.2,30.6
82,2023-09-20 13:01:55,23.2,30.4
83,2023-09-20 13:02:55,23.6,31.0
84,2023-09-20 13:03:55,22.1,29.4
85,2023-09-20 13:04:55,21.6,28.2
86,2023-09-20 13:05:55,22.5,29.1
87,2023-09-20 13:06:55,21.6,28.1
88,2023-09-20 13:07:55,22.2,28.7
89,2023-09-20 13:08:55,22.0,28.5
90,2023-09-20 13:09:56,21.4,27.8
91,2023-09-20 13:10:55,21.1,27.6
92,2023-09-20 13:11:55,21.9,27.9
93,2023-09-20 13:12:56,22.2,28.5
94,2023-09-20 13:13:56,22.3,28.4
95,2023-09-20 13:14:56,21.5,27.4
96,2023-09-20 13:15:56,21.2,26.7
97,2023-09-20 13:16:56,21.0,26.4
98,2023-09-20 13:17:56,21.1,26.8
99,2023-09-20 13:18:56,21.1,26.6
100,2023-09-20 13:19:56,20.7,26.3
101,2023-09-20 13:20:56,21.0,26.7
102,2023-09-20 13:21:56,21.9,27.9
103,2023-09-20 13:22:56,21.4,27.6
104,2023-09-20 13:23:56,21.3,27.4
105,2023-09-20 13:24:56,22.3,28.9
106,2023-09-20 13:25:56,22.2,28.5
107,2023-09-20 13:26:57,21.5,27.6
108,2023-09-20 13:27:56,22.9,29.3
109,2023-09-20 13:28:57,22.5,29.5
110,2023-09-20 13:29:57,21.3,27.3
111,2023-09-20 13:30:57,21.3,27.3
112,2023-09-20 13:31:57,21.1,26.8
113,2023-09-20 13:32:57,20.9,26.4
114,2023-09-20 13:33:57,20.6,26.1
115,2023-09-20 13:34:57,21.1,26.3
116,2023-09-20 13:35:57,21.0,26.6
117,2023-09-20 13:36:57,20.8,26.8
118,2023-09-20 13:37:57,21.0,26.9
119,2023-09-20 13:38:57,21.5,27.6
120,2023-09-20 13:39:57,23.6,30.0
121,2023-09-20 13:40:57,22.2,29.1
122,2023-09-20 13:41:57,21.4,27.5
123,2023-09-20 13:42:58,21.1,26.9
124,2023-09-20 13:43:57,20.7,26.8
125,2023-09-20 13:44:58,20.7,26.6
126,2023-09-20 13:45:58,20.9,26.2
127,2023-09-20 13:46:58,20.7,26.3
128,2023-09-20 13:47:58,20.5,25.8
129,2023-09-20 13:48:58,20.4,25.5
130,2023-09-20 13:49:58,20.4,25.7
131,2023-09-20 13:50:58,20.6,25.8
132,2023-09-20 13:51:58,20.4,26.0
133,2023-09-20 13:52:58,20.7,26.3
134,2023-09-20 13:53:58,20.4,25.7
135,2023-09-20 13:54:58,20.3,25.7
136,2023-09-20 13:55:58,20.5,25.7
137,2023-09-20 13:56:58,20.4,25.6
138,2023-09-20 13:57:58,20.4,25.2
139,2023-09-20 13:58:58,20.3,25.6
140,2023-09-20 13:59:58,20.5,25.8
141,2023-09-20 14:00:59,20.3,25.6
142,2023-09-20 14:01:59,20.2,25.3
143,2023-09-20 14:02:59,20.2,25.4
144,2023-09-20 14:03:59,20.0,25.3
145,2023-09-20 14:04:59,20.1,24.9
146,2023-09-20 14:05:59,20.0,24.9
147,2023-09-20 14:06:59,19.9,24.8
148,2023-09-20 14:07:59,19.9,24.9
149,2023-09-20 14:08:59,20.1,25.0
150,2023-09-20 14:09:59,20.3,25.1
151,2023-09-20 14:10:59,20.3,25.2
152,2023-09-20 14:11:59,20.2,25.0
153,2023-09-20 14:12:59,20.2,24.6
154,2023-09-20 14:14:01,20.3,24.9
155,2023-09-20 14:14:59,20.4,24.8
156,2023-09-20 14:15:59,20.4,25.0
157,2023-09-20 14:17:00,20.4,24.7
158,2023-09-20 14:18:00,20.7,25.1
159,2023-09-20 14:19:00,20.5,25.4
160,2023-09-20 14:20:00,20.5,25.4
161,2023-09-20 14:21:00,20.6,25.1
162,2023-09-20 14:22:00,20.6,25.1
163,2023-09-20 14:23:00,20.3,24.7
164,2023-09-20 14:24:00,20.6,24.9
165,2023-09-20 14:25:00,20.6,24.7
166,2023-09-20 14:26:00,20.2,24.7
167,2023-09-20 14:27:00,20.2,24.4
168,2023-09-20 14:28:00,20.1,24.4
169,2023-09-20 14:29:00,20.1,24.1
170,2023-09-20 14:30:00,20.2,24.2
171,2023-09-20 14:31:00,20.3,24.3
172,2023-09-20 14:32:00,20.2,24.4
173,2023-09-20 14:33:01,20.2,24.4
174,2023-09-20 14:34:01,20.4,24.5
175,2023-09-20 14:35:01,20.3,24.3
176,2023-09-20 14:36:01,20.6,24.6
177,2023-09-20 14:37:01,20.6,24.8
178,2023-09-20 14:38:01,20.5,25.0
179,2023-09-20 14:39:01,20.6,25.0
180,2023-09-20 14:40:01,20.5,25.1
181,2023-09-20 14:41:01,20.9,25.3
182,2023-09-20 14:42:01,21.0,25.3
183,2023-09-20 14:43:01,21.1,25.7
184,2023-09-20 14:44:01,21.0,25.4
185,2023-09-20 14:45:01,20.8,25.0
186,2023-09-20 14:46:01,20.5,24.7
187,2023-09-20 14:47:01,20.5,24.9
188,2023-09-20 14:48:02,20.7,24.3
189,2023-09-20 14:49:02,20.7,24.4
190,2023-09-20 14:50:02,20.6,24.2
191,2023-09-20 14:51:02,20.3,24.1
192,2023-09-20 14:52:02,20.3,24.1
193,2023-09-20 14:53:02,20.4,23.9
194,2023-09-20 14:54:02,20.2,24.0
195,2023-09-20 14:55:02,20.3,23.8
196,2023-09-20 14:56:02,20.3,23.6
197,2023-09-20 14:57:02,20.4,23.7
198,2023-09-20 14:58:02,20.4,23.7
199,2023-09-20 14:59:02,20.1,23.3
200,2023-09-20 15:00:02,20.2,23.6
201,2023-09-20 15:01:03,20.1,23.3
202,2023-09-20 15:02:02,20.2,23.3
203,2023-09-20 15:03:02,20.1,23.2
204,2023-09-20 15:04:02,20.1,23.5
205,2023-09-20 15:05:03,20.0,23.3
206,2023-09-20 15:06:03,20.1,23.5
207,2023-09-20 15:07:03,20.4,23.4
208,2023-09-20 15:08:03,20.2,23.4
209,2023-09-20 15:09:03,20.2,23.2
210,2023-09-20 15:10:03,20.0,23.4
211,2023-09-20 15:11:03,20.3,23.1
212,2023-09-20 15:12:03,20.2,23.0
213,2023-09-20 15:13:03,20.2,23.4
214,2023-09-20 15:14:03,20.0,23.1
215,2023-09-20 15:15:03,20.1,23.2
216,2023-09-20 15:16:03,20.2,23.0
217,2023-09-20 15:17:03,20.0,22.9
218,2023-09-20 15:18:03,20.2,23.2
219,2023-09-20 15:19:03,20.1,23.2
220,2023-09-20 15:20:03,20.2,23.0
221,2023-09-20 15:21:03,20.0,23.2
222,2023-09-20 15:22:04,20.1,23.2
223,2023-09-20 15:23:04,20.2,23.2
224,2023-09-20 15:24:04,19.9,23.1
225,2023-09-20 15:25:04,20.3,23.2
226,2023-09-20 15:26:04,20.1,22.8
227,2023-09-20 15:27:04,20.2,23.0
228,2023-09-20 15:28:04,20.0,23.2
229,2023-09-20 15:29:04,20.0,22.8
230,2023-09-20 15:30:04,20.2,23.2
231,2023-09-20 15:31:04,20.1,22.8
232,2023-09-20 15:32:04,20.2,22.7
233,2023-09-20 15:33:04,20.2,22.9
234,2023-09-20 15:34:04,20.2,22.9
235,2023-09-20 15:35:04,20.3,22.9
236,2023-09-20 15:36:05,20.2,22.6
237,2023-09-20 15:37:04,20.1,22.7
238,2023-09-20 15:38:05,20.2,23.0
239,2023-09-20 15:39:05,20.2,22.7
240,2023-09-20 15:40:05,20.0,22.7
241,2023-09-20 15:41:05,20.0,23.0
242,2023-09-20 15:42:05,20.0,22.6
243,2023-09-20 15:43:05,20.2,22.5
244,2023-09-20 15:44:05,20.1,22.7
245,2023-09-20 15:45:05,20.0,22.6
246,2023-09-20 15:46:05,20.0,22.6
247,2023-09-20 15:47:05,20.3,22.5
248,2023-09-20 15:48:05,20.1,22.5
249,2023-09-20 15:49:05,20.2,22.5
250,2023-09-20 15:50:05,20.2,22.6
251,2023-09-20 15:51:05,19.8,22.6
252,2023-09-20 15:52:05,20.1,22.5
253,2023-09-20 15:53:05,19.9,22.3
254,2023-09-20 15:54:06,20.1,22.6
255,2023-09-20 15:55:06,20.1,22.5
256,2023-09-20 15:56:06,20.1,22.5
257,2023-09-20 15:57:06,19.9,22.3
258,2023-09-20 15:58:06,20.2,22.6
259,2023-09-20 15:59:06,20.1,22.4
260,2023-09-20 16:00:06,20.1,22.4
261,2023-09-20 16:01:06,20.0,22.4
262,2023-09-20 16:02:07,20.1,22.5
263,2023-09-20 16:03:06,20.1,22.5
264,2023-09-20 16:04:06,20.1,22.4
265,2023-09-20 16:05:06,20.5,22.6
266,2023-09-20 16:06:06,21.2,22.7
267,2023-09-20 16:07:06,21.1,22.5
268,2023-09-20 16:08:06,21.2,22.1
269,2023-09-20 16:09:06,21.0,22.3
270,2023-09-20 16:10:07,21.2,22.3
271,2023-09-20 16:11:07,21.1,22.2
272,2023-09-20 16:12:07,21.2,22.4
273,2023-09-20 16:13:07,21.0,22.4
274,2023-09-20 16:14:07,21.1,22.1
275,2023-09-20 16:15:07,21.0,21.9
276,2023-09-20 16:16:07,21.0,22.1
277,2023-09-20 16:17:07,21.1,21.8
278,2023-09-20 16:18:07,21.1,22.0
279,2023-09-20 16:19:07,21.0,22.0
280,2023-09-20 16:20:07,21.0,21.9
281,2023-09-20 16:21:07,20.7,21.9
282,2023-09-20 16:22:07,20.7,21.8
283,2023-09-20 16:23:07,20.5,22.1
284,2023-09-20 16:24:07,20.7,21.8
285,2023-09-20 16:25:08,20.5,21.8
286,2023-09-20 16:26:08,20.3,21.7
287,2023-09-20 16:27:08,20.1,21.8
288,2023-09-20 16:28:08,20.1,22.0
289,2023-09-20 16:29:08,20.1,21.9
290,2023-09-20 16:30:08,20.2,21.9
291,2023-09-20 16:31:08,20.2,21.7
292,2023-09-20 16:32:08,20.0,21.6
293,2023-09-20 16:33:08,20.2,21.7
294,2023-09-20 16:34:08,20.0,21.7
295,2023-09-20 16:35:09,19.9,21.8
296,2023-09-20 16:36:08,19.8,21.4
297,2023-09-20 16:37:08,20.2,21.4
298,2023-09-20 16:38:08,20.1,21.5
299,2023-09-20 16:39:08,19.9,21.4
300,2023-09-20 16:40:09,20.3,21.4
301,2023-09-20 16:41:08,20.0,21.4
302,2023-09-20 16:42:09,20.0,21.7
303,2023-09-20 16:43:09,20.0,21.5
304,2023-09-20 16:44:09,19.8,21.4
305,2023-09-20 16:45:09,19.9,21.3
306,2023-09-20 16:46:09,19.9,21.4
307,2023-09-20 16:47:09,19.6,21.6
308,2023-09-20 16:48:09,19.9,21.5
309,2023-09-20 16:49:09,19.8,21.2
310,2023-09-20 16:50:09,19.7,21.3
311,2023-09-20 16:51:09,19.7,20.9
312,2023-09-20 16:52:09,19.9,21.2
313,2023-09-20 16:53:09,19.9,21.1
314,2023-09-20 16:54:09,19.7,21.1
315,2023-09-20 16:55:09,19.8,21.2
316,2023-09-20 16:56:09,19.7,21.1
317,2023-09-20 16:57:09,19.7,21.3
318,2023-09-20 16:58:10,19.7,20.8
319,2023-09-20 16:59:10,19.5,21.0
320,2023-09-20 17:00:10,19.5,21.0
321,2023-09-20 17:01:10,19.5,21.2
322,2023-09-20 17:02:10,19.4,20.9
323,2023-09-20 17:03:10,19.4,20.9
324,2023-09-20 17:04:10,19.5,20.9
325,2023-09-20 17:05:10,19.7,20.9
326,2023-09-20 17:06:10,19.5,20.9
327,2023-09-20 17:07:10,19.3,20.7
328,2023-09-20 17:08:10,19.2,20.9
329,2023-09-20 17:09:10,19.3,20.8
330,2023-09-20 17:10:10,19.3,20.5
331,2023-09-20 17:11:10,19.2,20.6
332,2023-09-20 17:12:11,19.2,20.7
333,2023-09-20 17:13:10,19.0,20.7
334,2023-09-20 17:14:10,19.2,20.8
335,2023-09-20 17:15:11,19.3,20.8
336,2023-09-20 17:16:11,19.1,20.4
337,2023-09-20 17:17:11,19.1,20.6
338,2023-09-20 17:18:11,19.0,20.6
339,2023-09-20 17:19:11,19.0,20.4
340,2023-09-20 17:20:11,18.9,20.5
341,2023-09-20 17:21:11,19.0,20.2
342,2023-09-20 17:22:11,19.2,20.3
343,2023-09-20 17:23:11,19.0,20.4
344,2023-09-20 17:24:11,19.0,20.3
345,2023-09-20 17:25:11,19.0,20.6
346,2023-09-20 17:26:11,19.0,20.3
347,2023-09-20 17:27:11,18.9,20.3
348,2023-09-20 17:28:11,18.9,20.1
349,2023-09-20 17:29:11,18.8,20.3
350,2023-09-20 17:30:12,19.0,19.9
351,2023-09-20 17:31:12,18.7,20.1
352,2023-09-20 17:32:12,18.9,19.9
353,2023-09-20 17:33:12,18.9,20.1
354,2023-09-20 17:34:12,19.0,20.2
355,2023-09-20 17:35:12,18.8,20.1
356,2023-09-20 17:36:12,18.8,20.1
357,2023-09-20 17:37:12,18.8,19.9
358,2023-09-20 17:38:12,19.0,20.1
359,2023-09-20 17:39:12,18.7,20.2
360,2023-09-20 17:40:12,18.6,20.1
361,2023-09-20 17:41:12,18.8,20.1
362,2023-09-20 17:42:12,18.8,20.0
363,2023-09-20 17:43:12,18.6,19.6
364,2023-09-20 17:44:12,18.9,20.3
365,2023-09-20 17:45:12,18.8,19.7
366,2023-09-20 17:46:13,18.6,19.9
367,2023-09-20 17:47:12,18.7,20.1
368,2023-09-20 17:48:13,18.5,20.1
369,2023-09-20 17:49:13,18.8,20.1
370,2023-09-20 17:50:13,18.7,19.9
371,2023-09-20 17:51:13,18.7,19.8
372,2023-09-20 17:52:13,18.5,20.1
373,2023-09-20 17:53:13,18.7,19.6
374,2023-09-20 17:54:13,18.4,19.6
375,2023-09-20 17:55:13,18.6,19.6
376,2023-09-20 17:56:13,18.4,19.8
377,2023-09-20 17:57:13,18.4,19.7
378,2023-09-20 17:58:13,18.5,19.6
379,2023-09-20 17:59:13,18.6,19.6
380,2023-09-20 18:00:13,18.7,19.6
381,2023-09-20 18:01:13,18.4,19.8
382,2023-09-20 18:02:14,18.5,19.5
383,2023-09-20 18:03:14,18.4,19.5
384,2023-09-20 18:04:14,18.4,19.5
385,2023-09-20 18:05:14,18.4,19.4
386,2023-09-20 18:06:14,18.4,19.7
387,2023-09-20 18:07:14,18.3,19.4
388,2023-09-20 18:08:14,18.4,19.5
389,2023-09-20 18:09:14,18.4,19.6
390,2023-09-20 18:10:14,18.4,19.3
391,2023-09-20 18:11:14,18.4,19.5
392,2023-09-20 18:12:14,18.5,19.3
393,2023-09-20 18:13:14,18.5,19.5
394,2023-09-20 18:14:14,18.2,19.6
395,2023-09-20 18:15:14,18.5,19.2
396,2023-09-20 18:16:14,18.5,19.7
397,2023-09-20 18:17:14,18.4,19.3
398,2023-09-20 18:18:14,18.5,19.3
399,2023-09-20 18:19:14,18.2,19.6
400,2023-09-20 18:20:15,18.2,19.7
401,2023-09-20 18:21:15,18.3,19.8
402,2023-09-20 18:22:15,18.1,19.3
403,2023-09-20 18:23:15,18.4,19.4
404,2023-09-20 18:24:15,18.2,19.6
405,2023-09-20 18:25:15,18.2,19.5
406,2023-09-20 18:26:15,18.5,19.6
407,2023-09-20 18:27:15,18.3,19.4
408,2023-09-20 18:28:15,18.3,19.2
409,2023-09-20 18:29:15,18.2,19.4
410,2023-09-20 18:30:15,18.3,19.5
411,2023-09-20 18:31:15,18.3,19.7
412,2023-09-20 18:32:15,18.2,19.3
413,2023-09-20 18:33:15,18.2,19.5
414,2023-09-20 18:34:16,18.4,19.4
415,2023-09-20 18:35:16,18.2,19.6
416,2023-09-20 18:36:16,18.3,19.2
417,2023-09-20 18:37:16,18.3,19.4
418,2023-09-20 18:38:16,18.5,19.3
419,2023-09-20 18:39:16,18.4,19.4
420,2023-09-20 18:40:16,18.2,19.4
421,2023-09-20 18:41:16,18.2,19.7
422,2023-09-20 18:42:16,18.2,19.3
423,2023-09-20 18:43:16,18.2,19.0
424,2023-09-20 18:44:16,18.2,19.2
425,2023-09-20 18:45:16,18.2,19.1
426,2023-09-20 18:46:16,18.1,19.4
427,2023-09-20 18:47:16,18.2,18.9
428,2023-09-20 18:48:16,18.3,19.4
429,2023-09-20 18:49:16,18.3,19.0
430,2023-09-20 18:50:17,18.5,19.3
431,2023-09-20 18:51:16,18.5,19.4
432,2023-09-20 18:52:17,18.6,19.3
433,2023-09-20 18:53:17,18.4,19.3
434,2023-09-20 18:54:17,18.4,19.3
435,2023-09-20 18:55:17,18.6,19.4
436,2023-09-20 18:56:17,18.4,19.3
437,2023-09-21 07:30:08,20.2,24.8
438,2023-09-21 07:31:04,20.1,25.0
439,2023-09-21 07:32:04,20.7,25.4
440,2023-09-21 07:33:04,20.5,25.5
441,2023-09-21 07:34:04,20.1,25.2
442,2023-09-21 07:35:04,20.6,25.5
443,2023-09-21 07:36:04,20.5,25.8
444,2023-09-21 07:37:04,20.4,25.7
445,2023-09-21 07:38:04,20.3,25.8
446,2023-09-21 07:39:04,20.3,26.1
447,2023-09-21 07:40:04,20.0,25.7
448,2023-09-21 07:41:04,20.0,25.8
449,2023-09-21 07:42:04,20.2,25.9
450,2023-09-21 07:43:04,20.0,25.8
451,2023-09-21 07:44:04,20.6,26.2
452,2023-09-21 07:45:05,20.7,26.4
453,2023-09-21 08:05:09,20.8,28.4
454,2023-09-21 08:06:06,20.5,28.4
455,2023-09-21 08:07:06,20.9,29.1
456,2023-09-21 08:08:06,21.3,29.4
457,2023-09-21 08:09:06,21.2,29.1
458,2023-09-21 08:10:06,20.6,28.9
459,2023-09-21 08:11:06,20.8,29.0
460,2023-09-21 08:12:06,21.1,29.2
461,2023-09-21 08:13:06,21.2,29.4
462,2023-09-21 08:14:06,21.6,29.7
463,2023-09-21 08:15:06,21.4,30.0
464,2023-09-21 08:16:06,21.2,30.0
465,2023-09-21 08:17:07,20.7,29.5
466,2023-09-21 08:18:06,21.2,29.8
467,2023-09-21 08:19:07,21.0,29.9
468,2023-09-21 08:20:07,21.2,30.4
469,2023-09-21 08:21:07,21.0,30.4
470,2023-09-21 08:22:07,20.9,30.2
471,2023-09-21 08:23:07,21.5,31.0
472,2023-09-21 08:24:07,21.7,31.1
473,2023-09-21 08:25:07,21.2,30.8
474,2023-09-21 08:26:07,20.5,30.0
475,2023-09-21 08:27:07,20.9,30.0
476,2023-09-21 08:28:07,20.8,29.7
477,2023-09-21 08:29:07,20.8,29.6
478,2023-09-21 08:30:07,20.8,30.1
479,2023-09-21 08:31:07,21.5,30.5
480,2023-09-21 08:32:08,21.6,30.6
481,2023-09-21 08:33:07,22.1,31.6
482,2023-09-21 08:34:08,22.7,32.0
483,2023-09-21 08:35:08,22.1,31.8
484,2023-09-21 08:36:08,22.0,31.3
485,2023-09-21 08:37:08,21.4,31.2
486,2023-09-21 08:38:08,21.4,31.1
487,2023-09-21 08:39:08,21.7,31.2
488,2023-09-21 08:40:08,21.8,31.7
489,2023-09-21 08:41:08,21.5,32.1
490,2023-09-21 08:42:08,22.7,32.4
491,2023-09-21 08:43:08,22.8,32.5
492,2023-09-21 08:44:08,22.2,32.1
493,2023-09-21 08:45:08,22.0,32.4
494,2023-09-21 08:46:08,21.9,32.6
495,2023-09-21 08:47:08,21.3,31.9
496,2023-09-21 08:48:08,21.9,31.4
497,2023-09-21 08:49:09,21.9,31.9
498,2023-09-21 08:50:09,21.7,31.9
499,2023-09-21 08:51:09,22.1,32.2
500,2023-09-21 08:52:09,21.9,32.8
501,2023-09-21 08:53:09,22.1,32.5
502,2023-09-21 08:54:09,21.7,33.2
503,2023-09-21 08:55:09,23.0,33.9
504,2023-09-21 08:56:09,23.1,34.5
505,2023-09-21 08:57:09,22.9,34.6
506,2023-09-21 08:58:09,22.0,34.6
507,2023-09-21 08:59:09,21.9,34.4
508,2023-09-21 09:00:09,21.8,34.7
509,2023-09-21 09:01:09,21.2,34.1
510,2023-09-21 09:02:09,21.1,34.0
511,2023-09-21 09:03:09,21.9,34.5
512,2023-09-21 09:04:09,22.1,35.1
513,2023-09-21 09:05:10,22.4,35.7
514,2023-09-21 09:06:09,22.0,35.1
515,2023-09-21 09:07:10,21.7,35.4
516,2023-09-21 09:08:10,21.8,35.0
517,2023-09-21 09:09:10,21.7,35.1
518,2023-09-21 09:10:10,22.0,35.4
519,2023-09-21 09:11:10,22.4,35.9
520,2023-09-21 09:12:10,23.0,36.0
521,2023-09-21 09:13:10,22.2,35.9
522,2023-09-21 09:14:10,22.6,35.5
523,2023-09-21 09:15:10,22.8,36.2
524,2023-09-21 09:16:10,23.1,36.1
525,2023-09-21 09:17:10,22.6,35.9
526,2023-09-21 09:18:10,23.5,36.3
527,2023-09-21 09:19:10,24.2,37.1
528,2023-09-21 09:20:10,23.9,37.9
529,2023-09-21 09:21:11,22.8,37.2
530,2023-09-21 09:22:10,22.2,36.7
531,2023-09-21 09:23:11,22.9,36.9
532,2023-09-21 09:24:11,22.5,37.0
533,2023-09-21 09:25:11,22.6,37.5
534,2023-09-21 09:26:11,22.9,37.3
535,2023-09-21 09:27:11,23.1,37.5
536,2023-09-21 09:28:11,23.3,37.5
537,2023-09-21 09:29:11,22.7,37.4
538,2023-09-21 09:30:11,22.7,37.3
539,2023-09-21 09:31:11,22.1,36.7
540,2023-09-21 09:32:11,22.0,36.4
541,2023-09-21 09:33:11,22.9,36.7
542,2023-09-21 09:34:11,22.9,37.0
543,2023-09-21 09:35:11,23.8,37.2
544,2023-09-21 09:36:11,23.6,37.1
545,2023-09-21 09:37:11,23.0,37.1
546,2023-09-21 09:38:11,22.8,37.3
547,2023-09-21 09:39:12,22.3,37.4
548,2023-09-21 09:40:12,21.8,37.0
549,2023-09-21 09:41:12,22.1,37.6
550,2023-09-21 09:42:12,22.6,37.6
551,2023-09-21 09:43:12,22.4,37.4
552,2023-09-21 09:44:12,22.4,38.2
553,2023-09-21 09:45:12,22.0,37.5
554,2023-09-21 09:46:12,22.3,37.7
555,2023-09-21 09:47:12,21.8,37.4
556,2023-09-21 09:48:12,22.7,37.9
557,2023-09-21 09:49:12,23.1,38.2
558,2023-09-21 09:50:12,23.2,38.5
559,2023-09-21 09:51:12,23.1,39.1
560,2023-09-21 09:52:12,23.6,39.3
561,2023-09-21 09:53:13,24.3,40.3
562,2023-09-21 09:54:12,23.7,40.2
563,2023-09-21 09:55:13,23.7,40.8
564,2023-09-21 09:56:13,23.4,40.7
565,2023-09-21 09:57:13,23.9,40.6
566,2023-09-21 09:58:13,23.3,40.4
567,2023-09-21 09:59:13,23.8,40.9
568,2023-09-21 10:00:13,22.6,40.1
569,2023-09-21 10:01:13,22.8,39.7
570,2023-09-21 10:02:13,22.3,39.8
571,2023-09-21 10:03:13,23.3,39.8
572,2023-09-21 10:04:13,23.2,40.1
573,2023-09-21 10:05:13,22.9,39.6
574,2023-09-21 10:06:13,22.8,39.4
575,2023-09-21 10:07:13,23.0,39.6
576,2023-09-21 10:08:13,23.2,40.2
577,2023-09-21 10:09:13,23.3,40.2
578,2023-09-21 10:10:13,23.6,40.3
579,2023-09-21 10:11:14,23.5,40.4
580,2023-09-21 10:12:14,23.0,39.6
581,2023-09-21 10:13:14,23.4,40.1
582,2023-09-21 10:14:14,23.4,39.7
583,2023-09-21 10:15:14,23.7,40.6
584,2023-09-21 10:16:14,23.4,40.3
585,2023-09-21 10:17:15,24.3,40.4
586,2023-09-21 10:18:14,24.0,40.6
587,2023-09-21 10:19:14,23.1,41.0
588,2023-09-21 10:20:14,23.7,40.9
589,2023-09-21 10:21:14,24.1,41.1
590,2023-09-21 10:22:14,23.6,41.4
591,2023-09-21 10:23:14,23.7,42.3
592,2023-09-21 10:24:14,23.7,42.1
593,2023-09-21 10:25:14,23.7,41.7
594,2023-09-21 10:26:15,23.8,41.8
595,2023-09-21 10:27:15,22.7,41.1
596,2023-09-21 10:28:15,23.1,41.1
597,2023-09-21 10:29:15,23.1,41.4
598,2023-09-21 10:30:15,23.4,42.1
599,2023-09-21 10:31:15,24.3,42.6
600,2023-09-21 10:32:15,24.2,42.1
601,2023-09-21 10:33:15,23.6,42.1
602,2023-09-21 10:34:15,23.6,42.4
603,2023-09-21 10:35:15,23.4,42.0
604,2023-09-21 10:36:15,23.4,41.8
605,2023-09-21 10:37:15,23.1,41.5
606,2023-09-21 10:38:15,22.9,41.2
607,2023-09-21 10:39:15,23.2,41.0
608,2023-09-21 10:40:15,23.4,41.5
609,2023-09-21 10:41:15,23.7,41.6
610,2023-09-21 10:42:15,23.5,42.1
611,2023-09-21 10:43:16,23.7,41.7
612,2023-09-21 10:44:16,24.0,41.9
613,2023-09-21 10:45:16,24.4,42.6
614,2023-09-21 10:46:16,24.6,42.9
615,2023-09-21 10:47:16,25.5,43.5
616,2023-09-21 10:48:16,24.9,44.1
617,2023-09-21 10:49:16,23.6,43.3
618,2023-09-21 10:50:16,24.0,43.8
619,2023-09-21 10:51:16,24.7,43.6
620,2023-09-21 10:52:16,24.4,43.6
621,2023-09-21 10:53:16,24.5,44.1
622,2023-09-21 10:54:16,24.7,44.7
623,2023-09-21 10:55:16,24.7,45.1
624,2023-09-21 10:56:16,23.8,43.7
625,2023-09-21 10:57:16,23.6,43.5
626,2023-09-21 10:58:17,23.7,43.6
627,2023-09-21 10:59:17,23.4,43.1
628,2023-09-21 11:00:17,23.5,43.0
629,2023-09-21 11:01:17,23.9,43.4
630,2023-09-21 11:02:17,24.3,43.5
631,2023-09-21 11:03:17,24.1,43.8
632,2023-09-21 11:04:17,23.8,43.2
633,2023-09-21 11:05:17,23.9,43.6
634,2023-09-21 11:06:17,24.4,44.3
635,2023-09-21 11:07:17,23.6,43.6
636,2023-09-21 11:08:17,23.7,43.0
637,2023-09-21 11:09:17,23.7,43.0
638,2023-09-21 11:10:17,23.7,43.0
639,2023-09-21 11:11:17,24.1,43.4
640,2023-09-21 11:12:17,23.3,42.7
641,2023-09-21 11:13:17,23.8,43.1
642,2023-09-21 11:14:17,23.4,42.7
643,2023-09-21 11:15:17,23.9,43.5
644,2023-09-21 11:16:18,24.4,43.7
645,2023-09-21 11:17:18,24.0,44.4
646,2023-09-21 11:18:18,24.5,44.8
647,2023-09-21 11:19:18,24.0,44.2
648,2023-09-21 11:20:18,23.9,43.6
649,2023-09-21 11:21:18,24.3,43.9
650,2023-09-21 11:22:18,24.5,45.1
651,2023-09-21 11:23:18,25.0,45.4
652,2023-09-21 11:24:18,24.3,44.6
653,2023-09-21 11:25:18,24.4,44.7
654,2023-09-21 11:26:18,24.1,44.2
655,2023-09-21 11:27:18,24.7,44.3
656,2023-09-21 11:28:18,25.1,44.5
657,2023-09-21 11:29:18,24.3,44.4
658,2023-09-21 11:30:19,24.9,45.0
659,2023-09-21 11:31:18,24.8,45.4
660,2023-09-21 11:32:19,24.9,45.0
661,2023-09-21 11:33:19,25.8,46.0
662,2023-09-21 11:34:19,24.9,46.0
663,2023-09-21 11:35:19,25.4,44.7
664,2023-09-21 11:36:19,25.0,44.6
665,2023-09-21 11:37:19,24.3,44.1
666,2023-09-21 11:38:19,24.7,44.7
667,2023-09-21 11:39:19,24.6,44.2
668,2023-09-21 11:40:19,25.0,44.7
669,2023-09-21 11:41:19,24.9,44.9
670,2023-09-21 11:42:19,25.0,44.9
671,2023-09-21 11:43:19,24.8,44.9
672,2023-09-21 11:44:19,25.0,45.4
673,2023-09-21 11:45:19,26.1,46.4
674,2023-09-21 11:46:20,25.8,46.2
675,2023-09-21 11:47:19,25.9,46.2
676,2023-09-21 11:48:20,25.4,46.1
677,2023-09-21 11:49:20,25.7,45.5
678,2023-09-21 11:50:20,25.5,46.1
679,2023-09-21 11:51:20,25.0,45.6
680,2023-09-21 11:52:20,25.5,46.0
681,2023-09-21 11:53:20,25.7,46.4
682,2023-09-21 11:54:20,25.7,46.2
683,2023-09-21 11:55:20,25.5,46.3
684,2023-09-21 11:56:20,26.1,47.3
685,2023-09-21 11:57:20,26.4,47.3
686,2023-09-21 11:58:20,26.8,46.8
687,2023-09-21 11:59:20,27.2,47.6
688,2023-09-21 12:00:20,26.1,47.3
689,2023-09-21 12:01:20,26.1,47.1
690,2023-09-21 12:02:21,25.8,47.3
691,2023-09-21 12:03:20,26.3,47.4
692,2023-09-21 12:04:21,26.6,47.6
693,2023-09-21 12:05:21,26.6,47.9
694,2023-09-21 12:06:21,26.2,47.7
695,2023-09-21 12:07:21,25.9,47.1
696,2023-09-21 12:08:21,26.2,47.2
697,2023-09-21 12:09:21,26.1,47.5
698,2023-09-21 12:10:21,26.9,47.8
699,2023-09-21 12:11:21,25.4,46.9
700,2023-09-21 12:12:21,26.0,46.8
701,2023-09-21 12:13:21,26.2,47.3
702,2023-09-21 12:14:21,26.1,47.1
703,2023-09-21 12:15:21,26.6,47.9
704,2023-09-21 12:16:21,26.7,47.8
705,2023-09-21 12:17:21,26.9,48.5
706,2023-09-21 12:18:21,26.6,48.5
707,2023-09-21 12:19:22,26.4,48.2
708,2023-09-21 12:20:22,25.7,47.7
709,2023-09-21 12:21:22,26.3,47.1
710,2023-09-21 12:22:22,26.0,47.3
711,2023-09-21 12:23:22,26.7,47.3
712,2023-09-21 12:24:23,27.1,48.4
713,2023-09-21 12:25:22,27.4,49.4
714,2023-09-21 12:26:22,28.7,50.2
715,2023-09-21 12:27:22,29.6,50.6
716,2023-09-21 12:28:22,28.2,49.6
717,2023-09-21 12:29:22,26.7,48.7
718,2023-09-21 12:30:22,26.5,48.0
719,2023-09-21 12:31:22,26.5,48.1
720,2023-09-21 12:32:22,26.0,48.6
721,2023-09-21 12:33:22,25.8,48.4
722,2023-09-21 12:34:22,26.0,48.2
723,2023-09-21 12:35:23,26.4,25.3
724,2023-09-21 12:36:22,25.6,47.8
725,2023-09-21 12:37:23,25.7,47.8
726,2023-09-21 12:38:23,25.5,47.3
727,2023-09-21 12:39:23,26.3,47.5
728,2023-09-21 12:40:23,26.3,48.5
729,2023-09-21 12:41:23,26.9,49.3
730,2023-09-21 12:42:23,26.6,49.7
731,2023-09-21 12:43:23,25.9,49.0
732,2023-09-21 12:44:23,26.0,48.1
733,2023-09-21 12:45:23,25.9,48.3
734,2023-09-21 12:46:23,25.6,47.3
735,2023-09-21 12:47:23,25.4,47.8
736,2023-09-21 12:48:23,25.5,47.6
737,2023-09-21 12:49:24,25.7,47.8
738,2023-09-21 12:50:23,25.8,48.2
739,2023-09-21 12:51:23,26.1,47.8
740,2023-09-21 12:52:24,26.2,47.8
741,2023-09-21 12:53:24,25.9,48.0
742,2023-09-21 12:54:24,26.1,47.4
743,2023-09-21 12:55:24,25.6,47.2
744,2023-09-21 12:56:24,25.8,47.3
745,2023-09-21 12:57:24,26.1,47.0
746,2023-09-21 12:58:24,25.7,47.6
747,2023-09-21 12:59:24,25.5,45.8
748,2023-09-21 13:00:24,25.7,45.8
749,2023-09-21 13:01:24,25.9,46.5
750,2023-09-21 13:02:24,26.1,47.1
751,2023-09-21 13:03:24,26.0,47.2
752,2023-09-21 13:04:24,25.6,47.0
753,2023-09-21 13:05:24,25.7,46.7
754,2023-09-21 13:06:24,25.8,47.3
755,2023-09-21 13:07:24,26.1,47.7
756,2023-09-21 13:08:25,25.5,48.0
757,2023-09-21 13:09:25,25.8,46.8
758,2023-09-21 13:10:25,25.7,47.1
759,2023-09-21 13:11:25,25.5,46.1
760,2023-09-21 13:12:25,25.4,45.7
761,2023-09-21 13:13:25,25.4,45.5
762,2023-09-21 13:14:25,25.9,46.1
763,2023-09-21 13:15:25,25.8,47.2
764,2023-09-21 13:17:25,25.8,46.5
765,2023-09-21 13:18:25,26.1,46.1
766,2023-09-21 13:19:25,26.1,46.6
767,2023-09-21 13:20:25,26.2,46.5
768,2023-09-21 13:21:25,26.4,47.0
769,2023-09-21 13:22:25,26.6,47.5
770,2023-09-21 13:23:26,25.7,47.7
771,2023-09-21 13:24:25,26.2,47.2
772,2023-09-21 13:25:26,26.2,47.0
773,2023-09-21 13:26:26,26.4,46.6
774,2023-09-21 13:27:26,26.0,46.2
775,2023-09-21 13:28:26,26.3,45.9
776,2023-09-21 13:29:26,26.9,46.2
777,2023-09-21 13:30:26,25.6,47.2
778,2023-09-21 13:31:26,25.6,46.5
779,2023-09-21 13:32:26,25.6,45.3
780,2023-09-21 13:33:26,25.7,45.2
781,2023-09-21 13:34:26,26.7,45.5
782,2023-09-21 13:35:26,26.5,47.0
783,2023-09-21 13:36:26,26.6,46.8
784,2023-09-21 13:37:26,26.1,46.9
785,2023-09-21 13:38:26,26.3,46.9
786,2023-09-21 13:39:26,26.1,46.7
787,2023-09-21 13:40:26,26.5,46.5
788,2023-09-21 13:41:27,26.4,46.7
789,2023-09-21 13:42:27,26.3,46.9
790,2023-09-21 13:43:27,26.0,47.0
791,2023-09-21 13:44:27,26.8,46.9
792,2023-09-21 13:45:27,26.6,47.3
793,2023-09-21 13:46:27,25.9,46.9
794,2023-09-21 13:47:27,26.1,46.3
795,2023-09-21 13:48:27,26.5,46.4
796,2023-09-21 13:49:27,26.1,45.9
797,2023-09-21 13:50:27,25.8,46.0
798,2023-09-21 13:51:27,25.9,45.4
799,2023-09-21 13:52:27,25.9,44.6
800,2023-09-21 13:53:27,25.9,45.2
801,2023-09-21 13:54:27,25.9,45.4
802,2023-09-21 13:55:27,26.4,44.8
803,2023-09-21 13:56:27,26.2,45.7
804,2023-09-21 13:57:28,25.9,45.6
805,2023-09-21 13:58:28,26.1,45.5
806,2023-09-21 13:59:28,26.7,45.5
807,2023-09-21 14:00:28,26.2,46.4
808,2023-09-21 14:01:28,26.3,45.9
809,2023-09-21 14:02:28,25.9,45.7
810,2023-09-21 14:03:28,26.4,45.1
811,2023-09-21 14:04:28,25.8,45.3
812,2023-09-21 14:05:28,26.1,44.5
813,2023-09-21 14:06:28,26.8,45.5
814,2023-09-21 14:07:28,25.9,46.0
815,2023-09-21 14:08:28,26.7,45.8
816,2023-09-21 14:09:29,26.1,45.9
817,2023-09-21 14:10:28,26.4,46.0
818,2023-09-21 14:11:28,26.4,45.9
819,2023-09-21 14:12:29,26.2,45.8
820,2023-09-21 14:13:29,26.6,45.7
821,2023-09-21 14:14:29,25.9,46.1
822,2023-09-21 14:15:29,25.7,45.4
823,2023-09-21 14:16:29,26.1,45.3
824,2023-09-21 14:17:29,26.4,45.7
825,2023-09-21 14:18:29,26.2,45.3
826,2023-09-21 14:19:29,26.8,45.8
827,2023-09-21 14:20:29,26.0,45.4
828,2023-09-21 14:21:29,25.9,45.1
829,2023-09-21 14:22:29,26.0,45.3
830,2023-09-21 14:23:29,26.4,45.7
831,2023-09-21 14:24:29,26.6,45.6
832,2023-09-21 14:25:29,26.3,45.5
833,2023-09-21 14:26:29,26.2,44.8
834,2023-09-21 14:27:29,25.6,43.6
835,2023-09-21 14:28:30,25.4,42.8
836,2023-09-21 14:29:30,25.7,42.6
837,2023-09-21 14:30:30,25.6,41.8
838,2023-09-21 14:31:30,25.9,41.3
839,2023-09-21 14:32:30,25.6,41.4
840,2023-09-21 14:33:30,26.3,41.9
841,2023-09-21 14:34:30,25.8,41.4
842,2023-09-21 14:35:30,25.4,41.6
843,2023-09-21 14:36:30,25.8,41.6
844,2023-09-21 14:37:30,26.4,43.1
845,2023-09-21 14:38:30,26.9,44.2
846,2023-09-21 14:39:30,26.2,43.2
847,2023-09-21 14:40:30,26.0,42.1
848,2023-09-21 14:41:30,25.6,41.5
849,2023-09-21 14:42:30,25.9,41.9
850,2023-09-21 14:43:30,26.2,41.2
851,2023-09-21 14:44:31,25.9,40.6
852,2023-09-21 14:45:31,25.9,40.0
853,2023-09-21 14:46:31,25.8,39.5
854,2023-09-21 14:47:31,25.2,38.9
855,2023-09-21 14:48:31,25.3,39.1
856,2023-09-21 14:49:31,25.1,38.6
857,2023-09-21 14:50:31,25.2,37.8
858,2023-09-21 14:51:31,25.3,37.3
859,2023-09-21 14:52:31,25.3,37.2
860,2023-09-21 14:53:31,25.1,36.9
861,2023-09-21 14:55:31,25.0,37.4
862,2023-09-21 14:56:31,25.0,37.4
863,2023-09-21 14:57:31,24.8,37.1
864,2023-09-21 14:58:31,24.8,36.9
865,2023-09-21 14:59:31,24.7,36.4
866,2023-09-21 15:00:31,24.8,36.4
867,2023-09-21 15:01:32,24.6,36.4
868,2023-09-21 15:02:32,24.9,36.4
869,2023-09-21 15:03:32,24.9,36.2
870,2023-09-21 15:04:32,24.9,36.2
871,2023-09-21 15:05:32,24.7,35.7
872,2023-09-21 15:06:32,24.3,35.6
873,2023-09-21 15:07:32,24.3,35.5
874,2023-09-21 15:08:32,24.5,35.4
875,2023-09-21 15:09:32,24.4,35.5
876,2023-09-21 15:10:32,24.4,35.4
877,2023-09-21 15:11:32,24.6,35.6
878,2023-09-21 15:12:32,24.4,35.5
879,2023-09-21 15:13:32,24.4,35.3
880,2023-09-21 15:14:33,24.3,35.5
881,2023-09-21 15:15:32,24.5,35.9
882,2023-09-21 15:16:32,25.0,35.9
883,2023-09-21 15:17:33,24.7,35.9
884,2023-09-21 15:18:33,24.8,36.3
885,2023-09-21 15:19:33,24.2,35.7
886,2023-09-21 15:20:33,24.6,35.5
887,2023-09-21 15:21:33,24.7,34.9
888,2023-09-21 15:22:33,24.3,34.9
889,2023-09-21 15:23:33,24.2,34.9
890,2023-09-21 15:24:33,24.4,34.8
891,2023-09-21 15:25:33,24.3,34.9
892,2023-09-21 15:26:33,24.1,34.7
893,2023-09-21 15:27:33,24.2,34.7
894,2023-09-21 15:28:33,24.1,34.1
895,2023-09-21 15:29:33,24.0,33.9
896,2023-09-21 15:30:33,24.1,34.0
897,2023-09-21 15:31:33,24.2,34.0
898,2023-09-21 15:32:33,24.1,34.0
899,2023-09-21 15:33:34,23.8,33.9
900,2023-09-21 15:34:34,23.7,33.8
901,2023-09-21 15:35:34,23.8,33.9
902,2023-09-21 15:36:34,23.9,33.7
903,2023-09-21 15:37:34,23.8,33.9
904,2023-09-21 15:38:34,24.0,33.2
905,2023-09-21 15:39:34,23.7,33.4
906,2023-09-21 15:40:34,23.9,33.5
907,2023-09-21 15:41:34,23.8,33.1
908,2023-09-21 15:42:34,23.9,33.1
909,2023-09-21 15:43:34,23.6,33.4
910,2023-09-21 15:44:34,23.7,33.2
911,2023-09-21 15:45:34,23.6,32.8
912,2023-09-21 15:46:34,23.5,32.9
913,2023-09-21 15:47:35,23.6,32.5
914,2023-09-21 15:48:34,23.7,32.3
915,2023-09-21 15:49:35,23.5,32.2
916,2023-09-21 15:50:35,23.7,32.2
917,2023-09-21 15:51:35,23.6,32.2
918,2023-09-21 15:52:35,23.7,31.9
919,2023-09-21 15:53:35,23.5,32.0
920,2023-09-21 15:54:35,23.2,32.0
921,2023-09-21 15:55:35,22.9,31.9
922,2023-09-21 15:56:35,23.4,32.0
923,2023-09-21 15:57:35,23.2,31.8
924,2023-09-21 15:58:35,23.3,32.1
925,2023-09-21 15:59:35,23.2,31.8
926,2023-09-21 16:00:35,23.3,32.0
927,2023-09-21 16:01:35,23.2,31.7
928,2023-09-21 16:02:35,22.9,31.6
929,2023-09-21 16:03:35,22.7,31.6
930,2023-09-21 16:04:35,23.2,31.5
931,2023-09-21 16:05:36,23.4,31.2
932,2023-09-21 16:06:36,23.4,31.1
933,2023-09-21 16:07:36,23.0,31.1
934,2023-09-21 16:08:36,23.1,31.2
935,2023-09-21 16:09:36,23.3,31.3
936,2023-09-21 16:10:36,23.2,31.4
937,2023-09-21 16:12:36,23.1,31.1
938,2023-09-21 16:13:36,23.2,31.4
939,2023-09-21 16:14:36,23.3,31.2
940,2023-09-21 16:15:36,22.9,31.0
941,2023-09-21 16:16:36,22.9,30.5
942,2023-09-21 16:17:36,22.9,30.7
943,2023-09-21 16:18:36,23.0,30.6
944,2023-09-21 16:19:36,23.1,30.6
945,2023-09-21 16:20:36,22.8,30.5
946,2023-09-21 16:21:36,22.8,30.4
947,2023-09-21 16:22:37,22.7,30.5
948,2023-09-21 16:23:37,22.8,30.5
949,2023-09-21 16:24:37,22.8,30.2
950,2023-09-21 16:25:37,22.7,30.1
951,2023-09-21 16:26:37,22.5,29.8
952,2023-09-21 16:27:37,22.2,29.7
953,2023-09-21 16:28:37,22.6,29.5
954,2023-09-21 16:29:37,22.5,29.4
955,2023-09-21 16:30:37,22.5,29.3
956,2023-09-21 16:31:37,22.4,29.5
957,2023-09-21 16:32:37,22.4,29.3
958,2023-09-21 16:33:37,22.5,29.2
959,2023-09-21 16:34:37,22.3,29.0
960,2023-09-21 16:35:37,22.4,29.1
961,2023-09-21 16:36:38,22.6,29.0
962,2023-09-21 16:37:38,22.0,28.8
963,2023-09-21 16:38:38,22.3,28.6
964,2023-09-21 16:39:38,22.3,28.8
965,2023-09-21 16:40:38,22.4,28.8
966,2023-09-21 16:41:38,22.2,28.6
967,2023-09-21 16:42:38,22.0,28.8
968,2023-09-21 16:43:38,22.3,28.8
969,2023-09-21 16:44:38,22.0,29.0
970,2023-09-21 16:45:38,22.0,28.6
971,2023-09-21 16:46:38,22.0,28.4
972,2023-09-21 16:47:38,22.2,28.5
973,2023-09-21 16:48:38,22.1,28.4
974,2023-09-21 16:49:38,22.1,28.1
975,2023-09-21 16:50:38,22.4,28.4
976,2023-09-21 16:51:38,22.5,28.2
977,2023-09-21 16:52:38,22.2,28.1
978,2023-09-21 16:53:39,22.2,28.1
979,2023-09-21 16:54:39,22.3,28.1
980,2023-09-21 16:55:39,22.1,28.2
981,2023-09-21 16:56:39,22.4,28.3
982,2023-09-21 16:57:39,22.2,27.9
983,2023-09-21 16:58:39,22.3,28.1
984,2023-09-21 16:59:39,22.3,28.1
985,2023-09-21 17:00:39,21.6,27.8
986,2023-09-21 17:01:39,21.9,27.5
987,2023-09-21 17:02:39,21.8,27.7
988,2023-09-21 17:03:39,22.0,27.4
989,2023-09-21 17:04:39,22.0,27.3
990,2023-09-21 17:05:39,21.9,27.3
991,2023-09-21 17:06:39,22.1,27.3
992,2023-09-21 17:07:39,21.7,27.6
993,2023-09-21 17:08:40,22.0,27.3
994,2023-09-21 17:09:39,21.9,27.5
995,2023-09-21 17:10:41,22.1,27.3
996,2023-09-21 17:11:40,22.0,27.4
997,2023-09-21 17:12:40,21.7,27.2
998,2023-09-21 17:13:40,22.0,27.4
999,2023-09-21 17:14:40,21.9,27.2
1000,2023-09-21 17:15:40,22.2,27.4
1001,2023-09-21 17:16:40,22.1,27.3
1002,2023-09-21 17:17:40,22.0,27.1
1003,2023-09-21 17:18:40,21.9,27.2
1004,2023-09-21 17:19:40,22.0,27.1
1005,2023-09-21 17:20:40,22.0,27.0
1006,2023-09-21 17:21:40,21.9,27.0
1007,2023-09-21 17:22:40,21.8,27.3
1008,2023-09-21 17:23:40,22.0,26.9
1009,2023-09-21 17:24:40,21.9,26.8
1010,2023-09-21 17:25:40,22.2,26.9
1011,2023-09-21 17:26:41,21.7,26.4
1012,2023-09-21 17:27:40,21.8,26.6
1013,2023-09-21 17:28:41,21.7,26.5
1014,2023-09-21 17:29:41,21.6,26.6
1015,2023-09-21 17:30:41,21.6,26.3
1016,2023-09-21 17:31:41,21.9,26.6
1017,2023-09-21 17:32:41,21.7,26.5
1018,2023-09-21 17:33:41,21.7,26.3
1019,2023-09-21 17:34:41,21.8,26.1
1020,2023-09-21 17:35:41,22.0,26.4
1021,2023-09-21 17:36:41,21.8,26.2
1022,2023-09-21 17:37:41,21.8,26.3
1023,2023-09-21 17:38:41,21.8,26.3
1024,2023-09-21 17:39:41,21.7,26.2
1025,2023-09-21 17:40:42,21.9,26.1
1026,2023-09-21 17:41:41,21.9,26.0
1027,2023-09-21 17:42:42,22.0,26.3
1028,2023-09-21 17:43:42,21.5,26.2
1029,2023-09-21 17:44:42,21.9,26.1
1030,2023-09-21 17:45:42,21.7,26.2
1031,2023-09-21 17:46:42,21.7,25.9
1032,2023-09-21 17:47:42,22.0,26.0
1033,2023-09-21 17:48:42,21.9,25.9
1034,2023-09-21 17:49:42,21.7,25.9
1035,2023-09-21 17:50:42,21.7,26.0
1036,2023-09-21 17:51:42,21.8,26.1
1037,2023-09-21 17:52:42,21.7,26.0
1038,2023-09-21 17:53:42,21.8,26.2
1039,2023-09-21 17:54:42,22.0,25.7
1040,2023-09-21 17:55:42,21.8,25.8
1041,2023-09-21 17:56:42,21.7,25.6
1042,2023-09-21 17:57:42,21.6,25.6
1043,2023-09-21 17:58:42,21.8,25.5
1044,2023-09-21 17:59:43,21.6,25.3
1045,2023-09-21 18:00:43,21.6,25.7
1046,2023-09-21 18:01:43,21.6,25.6
1047,2023-09-21 18:02:43,21.8,26.0
1048,2023-09-21 18:03:43,21.5,25.7
1049,2023-09-21 18:04:43,21.5,25.8
1050,2023-09-21 18:05:43,21.8,25.8
1051,2023-09-21 18:06:43,21.6,25.7
1052,2023-09-21 18:07:43,21.8,25.3
1053,2023-09-21 18:08:43,21.7,25.4
1054,2023-09-21 18:09:43,21.8,25.4
1055,2023-09-21 18:10:43,21.7,25.3
1056,2023-09-21 18:11:43,21.8,25.3
1057,2023-09-21 18:12:43,21.6,25.3
1058,2023-09-21 18:13:44,21.6,25.2
1059,2023-09-21 18:14:43,21.8,25.2
1060,2023-09-21 18:15:44,21.8,25.2
1061,2023-09-21 18:16:44,21.7,25.1
1062,2023-09-21 18:17:44,21.9,25.1
1063,2023-09-21 18:18:44,21.8,25.1
1064,2023-09-21 18:19:44,21.8,25.2
1065,2023-09-21 18:20:44,21.6,24.9
1066,2023-09-21 18:21:44,21.8,25.1
1067,2023-09-21 18:22:44,21.9,25.2
1068,2023-09-21 18:23:44,21.6,25.1
1069,2023-09-21 18:24:44,21.8,24.9
1070,2023-09-21 18:25:44,21.8,25.2
1071,2023-09-21 18:26:44,21.5,24.9
1072,2023-09-21 18:27:44,21.6,24.8
1073,2023-09-21 18:28:44,21.7,24.7
1074,2023-09-21 18:29:45,21.6,24.9
1075,2023-09-21 18:30:44,21.7,24.7
1076,2023-09-21 18:31:45,21.7,24.8
1077,2023-09-21 18:32:45,21.5,24.6
1078,2023-09-21 18:33:45,21.6,24.6
1079,2023-09-21 18:34:45,21.7,24.9
1080,2023-09-21 18:35:45,21.6,24.8
1081,2023-09-21 18:36:45,21.7,24.6
1082,2023-09-21 18:37:45,21.6,24.7
1083,2023-09-21 18:38:45,21.7,24.8
1084,2023-09-21 18:39:45,21.5,24.5
1085,2023-09-21 18:40:45,21.6,24.7
1086,2023-09-21 18:41:45,21.5,24.5
1087,2023-09-21 18:42:45,21.6,24.5
1088,2023-09-21 18:43:45,21.6,24.5
1089,2023-09-21 18:44:45,21.6,24.6
1090,2023-09-21 18:45:45,21.9,24.4
1091,2023-09-21 18:46:45,21.7,24.8
1092,2023-09-21 18:47:46,21.7,24.2
1093,2023-09-21 18:48:46,21.5,24.1
1094,2023-09-21 18:49:46,21.5,24.2
1095,2023-09-21 18:50:46,21.5,24.2
1096,2023-09-21 18:51:46,21.7,23.8
1097,2023-09-21 18:53:46,21.6,24.1
1098,2023-09-21 18:54:46,21.6,23.8
1099,2023-09-21 18:55:46,21.4,23.8
1100,2023-09-21 18:57:46,21.5,23.8
1101,2023-09-21 18:58:46,21.4,24.0
1102,2023-09-21 18:59:47,21.6,24.1
1103,2023-09-21 19:00:46,21.5,23.9
1104,2023-09-21 19:01:46,21.5,24.0
1105,2023-09-21 19:02:47,21.3,24.0
1106,2023-09-21 19:03:47,21.5,23.9
1107,2023-09-21 19:04:47,21.4,24.0
1108,2023-09-21 19:05:47,21.5,24.1
1109,2023-09-21 19:06:47,21.6,23.7
1110,2023-09-21 19:07:47,21.6,23.9
1111,2023-09-21 19:08:47,21.5,23.9
1112,2023-09-21 19:09:47,21.4,23.7
1113,2023-09-21 19:10:47,21.4,23.8
1114,2023-09-21 19:11:47,21.3,23.7
1115,2023-09-21 19:12:47,21.4,23.8
1116,2023-09-21 19:13:47,21.5,23.7
1117,2023-09-21 19:14:47,21.7,23.6
1118,2023-09-21 19:15:47,21.3,23.5
1119,2023-09-21 19:16:48,21.3,23.6
1120,2023-09-21 19:17:47,21.4,23.6
1121,2023-09-21 19:18:47,21.6,23.4
1122,2023-09-21 19:19:48,21.4,23.3
1123,2023-09-21 19:20:48,21.4,23.4
1124,2023-09-21 19:21:48,21.2,23.3
1125,2023-09-21 19:22:48,21.2,23.7
1126,2023-09-21 19:23:48,21.4,23.7
1127,2023-09-21 19:24:48,21.4,23.7
1128,2023-09-21 19:25:48,21.4,23.5
1129,2023-09-21 19:26:48,21.2,23.4
1130,2023-09-21 19:27:48,21.5,23.1
1131,2023-09-21 19:28:48,21.3,23.2
1132,2023-09-21 19:29:48,21.3,23.4
1133,2023-09-21 19:30:48,21.3,23.4
1134,2023-09-21 19:31:48,21.1,23.3
1135,2023-09-21 19:32:48,21.3,23.2
1136,2023-09-21 19:33:48,21.4,23.0
1137,2023-09-21 19:34:48,21.2,23.3
1138,2023-09-21 19:35:49,21.1,23.2
1139,2023-09-21 19:36:49,21.2,23.2
1140,2023-09-21 19:37:49,21.2,22.9
1141,2023-09-21 19:38:49,21.1,23.1
1142,2023-09-21 19:39:49,21.1,23.2
1143,2023-09-21 19:40:49,21.5,23.0
1144,2023-09-21 19:41:49,21.4,23.2
1145,2023-09-21 19:42:49,21.3,23.1
1146,2023-09-21 19:43:49,21.1,23.0
1147,2023-09-21 19:44:49,21.1,23.0
1148,2023-09-21 19:45:49,21.4,23.2
1149,2023-09-21 19:46:49,21.2,23.2
1150,2023-09-21 19:47:49,21.3,22.9
1151,2023-09-21 19:48:49,21.5,22.9
1152,2023-09-21 19:49:49,21.2,23.0
1153,2023-09-21 19:50:49,21.2,23.0
1154,2023-09-21 19:51:50,21.2,23.1
1155,2023-09-21 19:52:50,21.0,23.1
1156,2023-09-21 19:53:50,21.1,22.9
1157,2023-09-21 19:54:50,21.1,22.9
1158,2023-09-21 19:55:50,21.2,23.0
1159,2023-09-21 19:56:50,21.2,22.9
1160,2023-09-21 19:57:50,21.1,23.0
1161,2023-09-21 19:58:50,21.1,23.1
1162,2023-09-21 19:59:50,21.1,23.0
1163,2023-09-21 20:00:50,21.0,22.9
1164,2023-09-21 20:01:50,21.1,22.7
1165,2023-09-21 20:02:50,21.2,22.8
1166,2023-09-21 20:03:50,21.1,22.7
1167,2023-09-21 20:04:50,21.1,22.7
1168,2023-09-21 20:05:50,20.9,22.7
1169,2023-09-21 20:06:50,20.8,22.9
1170,2023-09-21 20:07:51,21.2,22.8
1171,2023-09-21 20:08:51,20.9,22.5
1172,2023-09-21 20:09:51,21.0,22.7
1173,2023-09-21 20:10:51,21.0,22.9
1174,2023-09-21 20:11:51,21.2,22.5
1175,2023-09-21 20:12:51,21.2,22.7
1176,2023-09-21 20:13:51,21.1,22.8
1177,2023-09-21 20:14:51,21.1,22.6
1178,2023-09-21 20:15:51,21.2,22.4
1179,2023-09-21 20:16:51,21.1,22.9
1180,2023-09-21 20:17:51,21.1,22.8
1181,2023-09-21 20:18:51,21.0,22.4
1182,2023-09-21 20:19:51,21.1,22.6
1183,2023-09-21 20:20:51,21.1,22.3
1184,2023-09-21 20:21:52,21.0,22.6
1185,2023-09-21 20:22:51,21.1,22.5
1186,2023-09-21 20:23:52,21.0,22.5
1187,2023-09-21 20:24:52,21.0,22.5
1188,2023-09-21 20:25:52,21.0,22.5
1189,2023-09-21 20:26:52,21.0,22.3
1190,2023-09-21 20:27:52,21.0,22.4
1191,2023-09-21 20:28:52,21.0,22.4
1192,2023-09-21 20:29:52,20.8,22.3
1193,2023-09-21 20:30:52,21.1,22.5
1194,2023-09-21 20:31:52,20.9,22.2
1195,2023-09-21 20:32:52,21.1,22.6
1196,2023-09-21 20:33:52,21.0,22.3
1197,2023-09-21 20:34:52,20.9,22.5
1198,2023-09-21 20:35:52,20.9,22.1
1199,2023-09-21 20:36:52,20.9,22.3
1200,2023-09-21 20:37:52,21.1,22.4
1201,2023-09-21 20:38:52,20.9,22.1
1202,2023-09-21 20:39:52,20.9,22.2
1203,2023-09-21 20:40:53,20.9,22.5
1204,2023-09-21 20:41:53,20.9,22.3
1205,2023-09-21 20:42:53,20.9,22.5
1206,2023-09-21 20:43:53,20.9,22.3
1207,2023-09-21 20:44:53,21.1,22.0
1208,2023-09-21 20:45:53,20.9,22.2
1209,2023-09-21 20:46:53,20.8,22.0
1210,2023-09-21 20:47:53,20.7,22.1
1211,2023-09-21 20:48:53,20.9,22.2
1212,2023-09-21 20:49:53,20.9,22.0
1213,2023-09-21 20:50:53,20.9,22.1
1214,2023-09-21 20:51:53,21.0,21.7
1215,2023-09-21 20:52:53,20.9,22.1
1216,2023-09-21 20:53:53,20.9,22.1
1217,2023-09-21 20:54:53,20.7,22.0
1218,2023-09-21 20:55:54,20.9,22.0
1219,2023-09-21 20:56:53,20.8,22.1
1220,2023-09-21 20:57:54,21.0,21.9
1221,2023-09-21 20:59:54,21.1,22.0
1222,2023-09-21 21:00:54,20.9,22.0
1223,2023-09-21 21:01:54,21.0,22.1
1224,2023-09-21 21:02:54,21.0,22.0
1225,2023-09-21 21:03:54,21.2,22.1
1226,2023-09-21 21:04:54,20.9,21.8
1227,2023-09-21 21:05:54,20.9,22.1
1228,2023-09-21 21:06:54,20.9,22.0
1229,2023-09-21 21:07:54,20.9,22.0
1230,2023-09-21 21:08:54,20.9,21.9
1231,2023-09-21 21:09:54,20.9,21.9
1232,2023-09-21 21:10:55,20.9,21.9
1233,2023-09-21 21:11:55,20.9,21.8
1234,2023-09-21 21:12:55,20.8,21.8
1235,2023-09-21 21:13:55,20.9,21.9
1236,2023-09-21 21:14:55,21.0,21.7
1237,2023-09-21 21:15:55,21.0,21.9
1238,2023-09-21 21:16:55,20.8,22.1
1239,2023-09-21 21:17:55,21.0,21.7
1240,2023-09-21 21:18:55,20.8,22.0
1241,2023-09-21 21:19:55,20.8,21.7
1242,2023-09-21 21:20:55,20.9,21.8
1243,2023-09-21 21:21:55,20.8,21.7
1244,2023-09-21 21:22:55,20.9,21.7
1245,2023-09-21 21:23:55,20.9,21.7
1246,2023-09-21 21:24:55,20.6,21.8
1247,2023-09-21 21:25:55,20.7,21.7
1248,2023-09-21 21:26:55,20.7,21.5
1249,2023-09-21 21:27:56,20.8,21.7
1250,2023-09-21 21:28:55,20.8,21.5
1251,2023-09-21 21:29:56,21.0,21.8
1252,2023-09-21 21:32:56,20.6,21.6
1253,2023-09-21 21:33:56,20.8,21.5
1254,2023-09-21 21:34:57,20.5,21.3
1255,2023-09-21 21:35:56,20.7,21.8
1256,2023-09-21 21:36:56,20.6,21.6
1257,2023-09-21 21:37:56,20.6,21.5
1258,2023-09-21 21:38:56,20.4,21.5
1259,2023-09-21 21:39:56,20.5,21.6
1260,2023-09-21 21:40:56,20.6,21.6
1261,2023-09-21 21:41:56,20.6,21.5
1262,2023-09-21 21:42:56,20.6,21.4
1263,2023-09-21 21:43:56,20.4,21.5
1264,2023-09-21 21:44:57,20.7,21.6
1265,2023-09-21 21:45:57,20.6,21.4
1266,2023-09-21 21:46:57,20.8,21.2
1267,2023-09-21 21:47:57,20.6,21.4
1268,2023-09-21 21:48:57,20.5,21.5
1269,2023-09-21 21:49:57,20.6,21.3
1270,2023-09-21 21:50:57,20.7,21.3
1271,2023-09-21 21:51:57,20.7,21.3
1272,2023-09-21 21:52:57,20.7,21.5
1273,2023-09-21 21:53:57,20.8,21.1
1274,2023-09-21 21:54:57,20.7,21.3
1275,2023-09-21 21:55:57,20.8,21.5
1276,2023-09-21 21:56:57,20.6,21.3
1277,2023-09-21 21:57:57,20.8,21.2
1278,2023-09-21 21:58:57,20.6,21.4
1279,2023-09-21 21:59:57,20.8,21.3
1280,2023-09-21 22:00:58,20.8,21.1
1281,2023-09-21 22:01:58,20.6,21.3
1282,2023-09-21 22:02:58,20.6,21.4
1283,2023-09-21 22:03:58,20.7,21.2
1284,2023-09-21 22:04:58,20.6,21.1
1285,2023-09-21 22:05:58,20.6,21.3
1286,2023-09-21 22:06:58,20.8,21.5
1287,2023-09-21 22:07:58,20.8,21.3
1288,2023-09-21 22:08:58,20.7,21.3
1289,2023-09-21 22:11:58,20.6,21.4
1290,2023-09-21 22:12:58,20.7,21.1
1291,2023-09-21 22:13:58,20.7,21.2
1292,2023-09-21 22:14:58,20.7,21.0
1293,2023-09-21 22:15:59,20.8,21.3
1294,2023-09-21 22:16:59,20.8,21.1
1295,2023-09-21 22:17:59,20.8,21.2
1296,2023-09-21 22:18:59,20.6,21.1
1297,2023-09-21 22:19:59,20.4,21.1
1298,2023-09-21 22:20:59,20.8,21.1
1299,2023-09-21 22:21:59,20.8,21.1
1300,2023-09-21 22:22:59,20.7,21.2
1301,2023-09-21 22:23:59,20.9,21.2
1302,2023-09-21 22:24:59,20.8,21.3
1303,2023-09-21 22:25:59,20.8,21.1
1304,2023-09-21 22:26:59,20.9,21.2
1305,2023-09-21 22:27:59,20.9,21.3
1306,2023-09-21 22:28:59,20.9,21.0
1307,2023-09-21 22:29:59,20.9,21.0
1308,2023-09-21 22:30:59,20.9,21.2
1309,2023-09-21 22:32:00,21.0,21.2
1310,2023-09-21 22:32:59,20.9,21.2
1311,2023-09-21 22:53:03,20.9,20.9
1312,2023-09-21 22:54:01,20.9,21.2
1313,2023-09-21 22:55:01,20.8,21.0
1314,2023-09-21 22:56:01,20.9,21.1
1315,2023-09-21 22:57:01,21.0,21.2
1316,2023-09-21 22:58:01,20.9,21.1
1317,2023-09-21 22:59:01,21.0,21.2
1318,2023-09-21 23:00:01,20.9,21.2
1319,2023-09-21 23:01:01,20.9,21.1
1320,2023-09-21 23:02:01,20.8,21.2
1321,2023-09-21 23:03:01,20.8,20.9
1322,2023-09-21 23:04:01,20.6,21.0
1323,2023-09-21 23:05:01,21.0,20.9
1324,2023-09-21 23:06:02,20.7,21.0
1325,2023-09-21 23:07:02,20.8,21.2
1326,2023-09-21 23:08:02,20.6,20.8
1327,2023-09-21 23:09:02,21.0,20.9
1328,2023-09-21 23:10:02,21.0,21.2
1329,2023-09-21 23:11:02,20.7,20.9
1330,2023-09-21 23:12:02,20.8,21.1
1331,2023-09-21 23:14:02,20.7,21.1
1332,2023-09-21 23:15:02,20.7,20.9
1333,2023-09-21 23:16:02,20.9,21.1
1334,2023-09-21 23:17:02,20.7,20.6
1335,2023-09-21 23:18:02,20.8,20.8
1336,2023-09-21 23:19:02,20.7,20.7
1337,2023-09-21 23:20:02,20.9,20.7
1338,2023-09-21 23:21:02,20.6,20.9
1339,2023-09-21 23:22:03,20.6,20.8
1340,2023-09-21 23:23:03,20.6,20.9
1341,2023-09-21 23:24:03,20.6,20.6
1342,2023-09-21 23:25:03,20.5,21.0
1343,2023-09-21 23:26:03,20.6,21.1
1344,2023-09-21 23:27:03,20.6,21.1
1345,2023-09-21 23:28:03,20.6,20.9
1346,2023-09-21 23:29:03,20.5,20.9
1347,2023-09-21 23:30:03,20.6,20.9
1348,2023-09-21 23:31:03,20.6,20.9
1349,2023-09-21 23:32:03,20.7,20.7
1350,2023-09-21 23:33:03,20.6,21.0
1351,2023-09-21 23:34:03,20.4,20.9
1352,2023-09-21 23:35:03,20.6,20.5
1353,2023-09-21 23:36:04,20.5,20.9
1354,2023-09-21 23:37:04,20.7,20.6
1355,2023-09-21 23:38:04,20.4,20.8
1356,2023-09-21 23:39:04,20.5,20.8
1357,2023-09-21 23:40:04,20.4,20.7
1358,2023-09-21 23:41:04,20.5,20.8
1359,2023-09-21 23:42:04,20.7,21.1
1360,2023-09-21 23:43:04,20.4,20.8
1361,2023-09-21 23:44:04,20.6,20.9
1362,2023-09-21 23:45:04,20.5,20.8
1363,2023-09-21 23:46:04,20.4,21.0
1364,2023-09-21 23:47:04,20.7,20.9
1365,2023-09-21 23:48:04,20.5,20.7
1366,2023-09-21 23:49:04,20.5,20.8
1367,2023-09-21 23:50:04,20.5,20.7
1368,2023-09-21 23:51:04,20.6,20.6
1369,2023-09-21 23:52:04,20.3,20.9
1370,2023-09-21 23:53:04,20.5,20.9
1371,2023-09-21 23:54:05,20.5,20.6
1372,2023-09-21 23:55:05,20.5,20.8
1373,2023-09-21 23:56:05,20.5,20.5
1374,2023-09-21 23:57:05,20.4,20.7
1375,2023-09-21 23:58:05,20.5,20.6
1376,2023-09-21 23:59:05,20.3,20.5
1377,2023-09-22 00:00:05,20.2,20.7
1378,2023-09-22 00:01:05,20.5,20.6
1379,2023-09-22 00:02:05,20.5,20.8
1380,2023-09-22 00:03:05,20.3,20.5
1381,2023-09-22 00:04:05,20.3,20.7
1382,2023-09-22 00:05:05,20.3,20.4
1383,2023-09-22 00:06:05,20.4,20.3
1384,2023-09-22 00:07:05,20.1,20.8
1385,2023-09-22 00:08:05,20.1,20.4
1386,2023-09-22 00:09:06,20.3,20.5
1387,2023-09-22 00:10:05,20.5,20.6
1388,2023-09-22 00:11:06,20.2,20.7
1389,2023-09-22 00:12:06,20.3,20.4
1390,2023-09-22 00:13:06,20.5,20.6
1391,2023-09-22 00:14:06,20.1,20.7
1392,2023-09-22 00:15:06,20.2,20.4
1393,2023-09-22 00:16:06,20.4,20.5
1394,2023-09-22 00:17:06,20.3,20.4
1395,2023-09-22 00:18:06,20.2,20.4
1396,2023-09-22 00:20:06,20.3,20.7
1397,2023-09-22 00:21:06,20.3,20.7
1398,2023-09-22 00:22:06,20.3,20.5
1399,2023-09-22 00:23:06,20.3,20.5
1400,2023-09-22 00:24:06,20.2,20.4
1401,2023-09-22 00:25:07,20.4,20.5
1402,2023-09-22 00:26:07,20.3,20.4
1403,2023-09-22 00:27:07,20.2,20.4
1404,2023-09-22 00:28:07,20.5,20.7
1405,2023-09-22 00:29:07,20.2,20.6
1406,2023-09-22 00:30:07,20.2,20.2
1407,2023-09-22 00:31:07,20.3,20.4
1408,2023-09-22 00:32:07,20.3,20.3
1409,2023-09-22 00:33:07,20.2,20.5
1410,2023-09-22 00:34:07,20.4,20.3
1411,2023-09-22 00:35:07,20.2,20.5
1412,2023-09-22 00:36:07,20.2,20.5
1413,2023-09-22 00:37:07,20.3,20.5
1414,2023-09-22 00:38:07,20.2,20.5
1415,2023-09-22 00:39:07,20.2,20.5
1416,2023-09-22 00:40:07,19.9,20.2
1417,2023-09-22 00:41:07,20.3,20.2
1418,2023-09-22 00:42:07,19.9,20.3
1419,2023-09-22 00:43:08,19.7,20.1
1420,2023-09-22 00:44:08,19.7,20.5
1421,2023-09-22 00:45:08,19.9,20.0
1422,2023-09-22 00:46:08,19.7,20.5
1423,2023-09-22 00:47:08,19.8,20.0
1424,2023-09-22 00:48:08,19.8,20.0
1425,2023-09-22 00:49:08,19.6,20.1
1426,2023-09-22 00:50:08,19.7,20.2
1427,2023-09-22 00:51:08,19.6,20.1
1428,2023-09-22 00:52:08,19.7,20.1
1429,2023-09-22 00:53:08,19.6,20.2
1430,2023-09-22 00:54:08,19.6,20.0
1431,2023-09-22 00:55:08,19.6,20.1
1432,2023-09-22 00:56:08,19.9,20.3
1433,2023-09-22 00:57:09,19.8,20.5
1434,2023-09-22 00:58:08,20.0,20.2
1435,2023-09-22 00:59:09,19.8,20.3
1436,2023-09-22 01:00:09,19.8,20.1
1437,2023-09-22 01:01:09,19.5,20.3
1438,2023-09-22 01:02:09,19.5,20.0
1439,2023-09-22 01:03:09,19.7,20.4
1440,2023-09-22 01:04:09,19.7,20.3
1441,2023-09-22 01:05:09,19.7,20.0
1442,2023-09-22 01:06:09,19.5,20.0
1443,2023-09-22 01:07:09,19.5,19.8
1444,2023-09-22 01:08:09,19.8,20.0
1445,2023-09-22 01:09:09,19.7,20.2
1446,2023-09-22 01:10:09,19.7,20.1
1447,2023-09-22 01:11:10,19.7,19.8
1448,2023-09-22 01:12:09,19.7,19.8
1449,2023-09-22 01:13:09,19.7,19.9
1450,2023-09-22 01:14:10,19.5,20.1
1451,2023-09-22 01:15:10,19.7,20.0
1452,2023-09-22 01:16:10,19.8,19.7
1453,2023-09-22 01:17:10,19.8,19.9
1454,2023-09-22 01:18:10,19.7,20.1
1455,2023-09-22 01:19:10,19.7,20.0
1456,2023-09-22 01:20:10,19.7,19.9
1457,2023-09-22 01:21:10,19.6,19.8
1458,2023-09-22 01:22:10,19.6,19.9
1459,2023-09-22 01:23:10,19.5,20.0
1460,2023-09-22 01:24:10,19.7,19.9
1461,2023-09-22 01:25:10,19.8,19.8
1462,2023-09-22 01:26:10,19.7,19.8
1463,2023-09-22 01:27:10,19.5,19.8
1464,2023-09-22 01:28:10,19.6,19.9
1465,2023-09-22 01:29:10,19.6,19.6
1466,2023-09-22 01:30:11,19.5,19.8
1467,2023-09-22 01:31:11,19.8,19.8
1468,2023-09-22 01:32:11,19.8,20.0
1469,2023-09-22 01:33:11,19.6,19.7
1470,2023-09-22 01:34:11,19.6,19.7
1471,2023-09-22 01:35:11,19.6,20.0
1472,2023-09-22 01:36:11,19.6,19.7
1473,2023-09-22 01:37:11,19.8,19.7
1474,2023-09-22 01:38:11,19.7,19.6
1475,2023-09-22 01:39:11,19.6,20.1
1476,2023-09-22 01:40:11,19.7,20.0
1477,2023-09-22 01:41:11,19.6,19.7
1478,2023-09-22 01:42:11,19.6,20.0
1479,2023-09-22 01:43:11,19.2,19.7
1480,2023-09-22 01:44:11,19.6,20.1
1481,2023-09-22 01:45:11,19.5,19.9
1482,2023-09-22 01:46:12,19.5,20.1
1483,2023-09-22 01:47:12,19.5,20.0
1484,2023-09-22 01:48:12,19.4,19.6
1485,2023-09-22 01:49:12,19.4,19.5
1486,2023-09-22 01:50:12,19.4,19.7
1487,2023-09-22 01:51:12,19.6,19.9
1488,2023-09-22 01:52:12,19.4,20.0
1489,2023-09-22 01:53:12,19.4,19.9
1490,2023-09-22 01:54:12,19.6,19.6
1491,2023-09-22 01:55:12,19.6,19.7
1492,2023-09-22 01:56:12,19.5,19.5
1493,2023-09-22 01:57:12,19.6,19.8
1494,2023-09-22 01:58:12,19.5,19.7
1495,2023-09-22 01:59:12,19.3,19.8
1496,2023-09-22 02:00:12,19.3,19.7
1497,2023-09-22 02:01:12,19.4,19.6
1498,2023-09-22 02:02:13,19.5,19.7
1499,2023-09-22 02:03:12,19.4,19.8
1500,2023-09-22 02:04:13,19.6,19.7
1501,2023-09-22 02:05:13,19.3,19.8
1502,2023-09-22 02:06:13,19.5,19.7
1503,2023-09-22 02:07:13,19.3,19.6
1504,2023-09-22 02:08:13,19.3,19.6
1505,2023-09-22 02:09:13,19.3,19.6
1506,2023-09-22 02:10:13,19.4,19.7
1507,2023-09-22 02:11:13,19.3,19.9
1508,2023-09-22 02:12:13,19.5,19.6
1509,2023-09-22 02:13:13,19.3,19.9
1510,2023-09-22 02:14:13,19.6,19.7
1511,2023-09-22 02:15:14,19.4,19.8
1512,2023-09-22 02:16:13,19.3,19.6
1513,2023-09-22 02:17:14,19.2,19.7
1514,2023-09-22 02:18:13,19.4,19.7
1515,2023-09-22 02:19:13,19.3,19.4
1516,2023-09-22 02:20:14,19.2,19.9
1517,2023-09-22 02:21:14,19.2,19.2
1518,2023-09-22 02:22:14,19.4,19.8
1519,2023-09-22 02:23:14,19.2,19.7
1520,2023-09-22 02:24:14,19.3,19.4
1521,2023-09-22 02:25:14,19.1,19.7
1522,2023-09-22 02:26:14,19.2,19.6
1523,2023-09-22 02:27:14,19.3,19.5
1524,2023-09-22 02:28:14,19.2,19.6
1525,2023-09-22 02:29:14,19.2,19.6
1526,2023-09-22 02:30:14,19.1,19.6
1527,2023-09-22 02:31:14,19.1,19.6
1528,2023-09-22 02:32:14,19.2,19.8
1529,2023-09-22 02:33:14,19.1,19.5
1530,2023-09-22 02:34:15,19.3,19.8
1531,2023-09-22 02:35:14,19.1,19.2
1532,2023-09-22 02:36:15,18.8,19.2
1533,2023-09-22 02:37:15,19.1,19.2
1534,2023-09-22 02:38:15,19.3,19.2
1535,2023-09-22 02:39:15,19.1,19.7
1536,2023-09-22 02:40:15,19.0,19.5
1537,2023-09-22 02:41:15,19.2,19.3
1538,2023-09-22 02:42:15,18.8,19.3
1539,2023-09-22 02:43:15,18.8,19.2
1540,2023-09-22 02:44:15,18.6,19.2
1541,2023-09-22 02:45:15,18.9,19.2
1542,2023-09-22 02:46:15,19.0,19.0
1543,2023-09-22 02:47:15,19.0,19.5
1544,2023-09-22 02:48:15,18.9,19.2
1545,2023-09-22 02:49:15,18.8,19.4
1546,2023-09-22 02:50:15,19.1,19.2
1547,2023-09-22 02:51:16,19.1,19.2
1548,2023-09-22 02:52:16,18.8,19.2
1549,2023-09-22 02:53:16,19.1,19.5
1550,2023-09-22 02:54:16,18.9,19.4
1551,2023-09-22 02:55:16,19.1,19.2
1552,2023-09-22 02:56:16,18.9,19.2
1553,2023-09-22 02:57:16,18.9,19.3
1554,2023-09-22 02:58:16,19.0,19.1
1555,2023-09-22 02:59:16,18.8,19.0
1556,2023-09-22 03:00:16,18.8,18.9
1557,2023-09-22 03:01:16,18.9,19.2
1558,2023-09-22 03:02:16,18.8,19.1
1559,2023-09-22 03:03:16,18.9,19.3
1560,2023-09-22 03:04:16,18.6,19.4
1561,2023-09-22 03:05:16,18.9,19.4
1562,2023-09-22 03:06:17,18.6,19.2
1563,2023-09-22 03:07:16,18.9,19.5
1564,2023-09-22 03:08:17,18.9,19.1
1565,2023-09-22 03:09:17,18.6,19.4
1566,2023-09-22 03:10:17,18.8,19.1
1567,2023-09-22 03:11:17,18.8,19.0
1568,2023-09-22 03:12:17,18.9,19.1
1569,2023-09-22 03:13:17,18.5,19.3
1570,2023-09-22 03:14:17,18.8,19.1
1571,2023-09-22 03:15:17,18.7,19.3
1572,2023-09-22 03:16:17,18.8,19.2
1573,2023-09-22 03:17:17,18.9,19.2
1574,2023-09-22 03:18:17,19.0,19.2
1575,2023-09-22 03:19:17,18.7,19.1
1576,2023-09-22 03:20:17,18.7,19.0
1577,2023-09-22 03:21:17,18.7,19.0
1578,2023-09-22 03:22:18,18.6,19.3
1579,2023-09-22 03:23:19,18.7,18.9
1580,2023-09-22 03:24:18,18.8,18.9
1581,2023-09-22 03:25:18,18.8,19.2
1582,2023-09-22 03:26:18,18.6,18.9
1583,2023-09-22 03:27:18,18.9,19.2
1584,2023-09-22 03:28:18,18.8,19.3
1585,2023-09-22 03:29:18,18.7,19.3
1586,2023-09-22 03:30:19,18.5,19.3
1587,2023-09-22 03:31:18,18.4,19.1
1588,2023-09-22 03:32:18,18.7,19.2
1589,2023-09-22 03:33:18,18.6,19.4
1590,2023-09-22 03:34:18,18.7,19.3
1591,2023-09-22 03:35:18,18.6,19.1
1592,2023-09-22 03:36:18,18.6,19.3
1593,2023-09-22 03:37:18,18.7,19.1
1594,2023-09-22 03:38:19,18.8,18.9
1595,2023-09-22 03:39:18,18.6,19.3
1596,2023-09-22 03:40:19,18.6,18.9
1597,2023-09-22 03:41:19,18.6,19.4
1598,2023-09-22 03:42:19,18.6,19.0
1599,2023-09-22 03:43:19,18.9,18.9
1600,2023-09-22 03:44:19,18.8,19.1
1601,2023-09-22 03:45:19,18.6,19.0
1602,2023-09-22 03:46:19,18.7,19.1
1603,2023-09-22 03:47:19,18.7,19.2
1604,2023-09-22 03:48:19,18.5,19.0
1605,2023-09-22 03:49:19,18.6,19.1
1606,2023-09-22 03:50:19,18.6,19.0
1607,2023-09-22 03:51:19,18.7,18.9
1608,2023-09-22 03:52:19,18.4,19.1
1609,2023-09-22 03:53:19,18.6,19.0
1610,2023-09-22 03:54:19,18.7,18.7
1611,2023-09-22 03:55:19,18.8,19.1
1612,2023-09-22 03:56:20,18.6,18.9
1613,2023-09-22 03:57:20,18.5,19.1
1614,2023-09-22 03:58:20,18.5,19.0
1615,2023-09-22 03:59:20,18.6,18.8
1616,2023-09-22 04:00:20,18.4,18.9
1617,2023-09-22 04:01:20,18.4,18.9
1618,2023-09-22 04:02:20,18.6,18.8
1619,2023-09-22 04:03:20,18.6,18.8
1620,2023-09-22 04:04:20,18.5,18.8
1621,2023-09-22 04:05:20,18.4,18.7
1622,2023-09-22 04:06:20,18.3,18.9
1623,2023-09-22 04:07:20,18.4,18.7
1624,2023-09-22 04:08:20,18.3,18.9
1625,2023-09-22 04:09:20,18.2,18.6
1626,2023-09-22 04:10:20,18.6,18.4
1627,2023-09-22 04:11:20,18.5,18.8
1628,2023-09-22 04:12:21,18.6,18.4
1629,2023-09-22 04:13:21,18.4,18.4
1630,2023-09-22 04:14:21,18.3,18.5
1631,2023-09-22 04:15:21,18.4,18.6
1632,2023-09-22 04:16:21,18.4,18.4
1633,2023-09-22 04:17:21,18.4,18.2
1634,2023-09-22 04:18:21,18.4,18.3
1635,2023-09-22 04:19:21,18.2,18.6
1636,2023-09-22 04:20:21,18.2,18.4
1637,2023-09-22 04:21:21,17.9,18.6
1638,2023-09-22 04:22:21,18.4,17.8
1639,2023-09-22 04:23:21,18.3,18.1
1640,2023-09-22 04:24:22,18.3,18.2
1641,2023-09-22 04:25:21,18.4,18.4
1642,2023-09-22 04:26:21,18.5,18.3
1643,2023-09-22 04:27:22,18.2,18.5
1644,2023-09-22 04:28:21,18.1,18.5
1645,2023-09-22 04:29:22,18.2,18.5
1646,2023-09-22 04:30:22,18.4,18.4
1647,2023-09-22 04:31:22,18.2,18.3
1648,2023-09-22 04:32:22,18.2,18.4
1649,2023-09-22 04:33:22,18.0,18.1
1650,2023-09-22 04:34:22,18.2,18.6
1651,2023-09-22 04:35:22,18.1,18.3
1652,2023-09-22 04:36:22,18.0,18.1
1653,2023-09-22 04:37:22,17.9,18.2
1654,2023-09-22 04:38:22,18.1,18.1
1655,2023-09-22 04:39:22,18.2,18.2
1656,2023-09-22 04:40:22,18.1,18.5
1657,2023-09-22 04:41:22,18.3,18.2
1658,2023-09-22 04:42:22,18.1,18.2
1659,2023-09-22 04:43:23,17.9,18.1
1660,2023-09-22 04:44:22,17.9,18.1
1661,2023-09-22 04:45:23,17.8,18.3
1662,2023-09-22 04:46:23,17.8,18.1
1663,2023-09-22 04:47:23,17.6,18.2
1664,2023-09-22 04:48:23,17.7,18.1
1665,2023-09-22 04:49:23,17.9,18.3
1666,2023-09-22 04:50:23,17.8,18.3
1667,2023-09-22 04:51:23,17.6,18.0
1668,2023-09-22 04:52:23,17.7,18.1
1669,2023-09-22 04:53:23,17.7,17.8
1670,2023-09-22 04:54:23,17.8,18.3
1671,2023-09-22 04:55:23,17.9,18.1
1672,2023-09-22 04:56:23,17.7,17.7
1673,2023-09-22 04:57:23,17.9,17.9
1674,2023-09-22 04:58:23,17.6,17.8
1675,2023-09-22 05:00:24,18.0,18.0
1676,2023-09-22 05:01:24,17.8,18.1
1677,2023-09-22 05:02:24,17.9,17.9
1678,2023-09-22 05:03:24,17.8,18.1
1679,2023-09-22 05:04:24,17.8,18.1
1680,2023-09-22 05:05:24,17.9,18.1
1681,2023-09-22 05:06:24,17.7,18.0
1682,2023-09-22 05:07:24,17.7,17.8
1683,2023-09-22 05:08:24,17.6,18.1
1684,2023-09-22 05:09:24,17.7,17.9
1685,2023-09-22 05:10:24,17.8,18.5
1686,2023-09-22 05:11:24,17.7,18.0
1687,2023-09-22 05:12:24,17.7,17.9
1688,2023-09-22 05:13:24,17.6,18.0
1689,2023-09-22 05:14:24,17.8,18.0
1690,2023-09-22 05:15:25,17.8,18.1
1691,2023-09-22 05:16:25,17.5,18.1
1692,2023-09-22 05:17:25,17.6,17.7
1693,2023-09-22 05:18:25,17.6,17.9
1694,2023-09-22 05:19:25,17.6,17.8
1695,2023-09-22 05:20:25,17.6,18.0
1696,2023-09-22 05:21:25,17.7,18.2
1697,2023-09-22 05:22:25,17.4,17.9
1698,2023-09-22 05:23:25,17.3,17.9
1699,2023-09-22 05:24:26,17.6,17.7
1700,2023-09-22 05:25:25,17.7,17.9
1701,2023-09-22 05:26:25,17.4,17.7
1702,2023-09-22 05:27:25,17.8,17.7
1703,2023-09-22 05:28:25,17.8,17.8
1704,2023-09-22 05:29:25,17.5,18.0
1705,2023-09-22 05:30:25,17.6,17.4
1706,2023-09-22 05:31:25,17.7,17.5
1707,2023-09-22 05:32:25,17.7,17.5
1708,2023-09-22 05:33:26,17.4,18.0
1709,2023-09-22 05:34:26,17.5,17.8
1710,2023-09-22 05:35:26,17.5,17.4
1711,2023-09-22 05:36:26,17.6,17.8
1712,2023-09-22 05:37:26,17.6,17.7
1713,2023-09-22 05:38:26,17.3,17.8
1714,2023-09-22 05:39:26,17.4,18.0
1715,2023-09-22 05:40:26,17.6,17.4
1716,2023-09-22 05:41:26,17.2,17.4
1717,2023-09-22 05:42:26,17.6,17.9
1718,2023-09-22 05:43:26,17.5,17.6
1719,2023-09-22 05:44:26,17.3,17.4
1720,2023-09-22 05:45:26,17.4,17.6
1721,2023-09-22 05:46:26,17.1,18.0
1722,2023-09-22 05:47:27,17.3,17.8
1723,2023-09-22 05:48:27,17.2,17.7
1724,2023-09-22 05:49:27,17.5,17.5
1725,2023-09-22 05:50:27,17.3,17.4
1726,2023-09-22 05:51:27,17.4,18.1
1727,2023-09-22 05:52:27,17.3,18.0
1728,2023-09-22 05:53:27,17.3,17.8
1729,2023-09-22 05:54:27,17.3,17.6
1730,2023-09-22 05:55:27,17.4,17.7
1731,2023-09-22 05:56:27,17.0,17.8
1732,2023-09-22 05:57:27,17.4,17.7
1733,2023-09-22 05:58:27,17.3,17.6
1734,2023-09-22 05:59:27,17.2,17.5
1735,2023-09-22 06:00:27,17.4,17.2
1736,2023-09-22 06:01:27,17.1,16.8
1737,2023-09-22 06:02:27,17.2,17.6
1738,2023-09-22 06:03:27,16.9,17.3
1739,2023-09-22 06:04:28,17.1,17.4
1740,2023-09-22 06:05:28,17.3,17.4
1741,2023-09-22 06:06:28,17.3,17.3
1742,2023-09-22 06:07:28,17.1,17.5
1743,2023-09-22 06:08:28,17.2,17.4
1744,2023-09-22 06:09:28,17.1,17.4
1745,2023-09-22 06:10:28,17.1,17.5
1746,2023-09-22 06:11:28,17.1,17.3
1747,2023-09-22 06:12:28,17.0,17.3
1748,2023-09-22 06:13:28,17.0,17.2
1749,2023-09-22 06:14:28,16.9,17.5
1750,2023-09-22 06:15:28,17.1,17.1
1751,2023-09-22 06:16:28,17.1,17.3
1752,2023-09-22 06:17:28,16.9,17.7
1753,2023-09-22 06:18:28,17.1,17.6
1754,2023-09-22 06:20:29,17.1,17.5
1755,2023-09-22 06:21:29,17.3,17.3
1756,2023-09-22 06:22:29,17.3,17.7
1757,2023-09-22 06:23:29,17.1,17.5
1758,2023-09-22 06:24:29,17.2,17.7
1759,2023-09-22 06:26:29,17.0,17.5
1760,2023-09-22 06:27:29,17.0,17.4
1761,2023-09-22 06:28:29,17.0,17.0
1762,2023-09-22 06:29:29,17.4,17.5
1763,2023-09-22 06:30:29,17.0,17.5
1764,2023-09-22 06:31:29,17.0,17.0
1765,2023-09-22 06:32:29,17.1,17.5
1766,2023-09-22 06:33:29,17.1,17.3
1767,2023-09-22 06:34:29,17.2,17.2
1768,2023-09-22 06:35:29,16.8,17.2
1769,2023-09-22 06:36:29,17.1,17.6
1770,2023-09-22 06:37:30,17.2,17.5
1771,2023-09-22 06:38:30,17.1,17.7
1772,2023-09-22 06:39:30,17.3,17.4
1773,2023-09-22 06:40:30,17.4,17.5
1774,2023-09-22 06:41:30,17.2,17.3
1775,2023-09-22 06:42:30,17.4,17.6
1776,2023-09-22 06:43:30,17.2,17.5
1777,2023-09-22 06:44:30,17.3,17.3
1778,2023-09-22 06:45:30,17.1,17.3
1779,2023-09-22 06:46:30,17.3,17.3
1780,2023-09-22 06:47:30,17.0,17.7
1781,2023-09-22 06:48:32,17.2,17.7
1782,2023-09-22 06:49:30,17.2,17.3
1783,2023-09-22 06:50:30,17.0,17.5
1784,2023-09-22 06:51:31,17.3,17.4
1785,2023-09-22 06:52:30,17.0,17.4
1786,2023-09-22 06:53:31,17.1,17.6
1787,2023-09-22 06:54:31,17.0,17.5
1788,2023-09-22 06:55:31,17.0,17.7
1789,2023-09-22 06:56:31,17.0,17.7
1790,2023-09-22 06:57:31,17.0,17.6
1791,2023-09-22 06:58:31,17.0,17.5
1792,2023-09-22 06:59:31,17.0,17.5
1793,2023-09-22 07:00:31,17.2,17.5
1794,2023-09-22 07:01:31,16.9,17.5
1795,2023-09-22 07:02:31,16.9,17.6
1796,2023-09-22 07:03:31,17.1,17.2
1797,2023-09-22 07:04:31,17.1,17.7
1798,2023-09-22 07:05:31,17.1,17.5
1799,2023-09-22 07:06:31,17.0,17.3
1800,2023-09-22 07:07:31,17.2,17.6
1801,2023-09-22 07:08:32,17.0,17.3
1802,2023-09-22 07:09:32,17.0,17.6
1803,2023-09-22 07:10:32,16.9,17.4
1804,2023-09-22 07:11:32,17.1,17.2
1805,2023-09-22 07:12:32,16.9,17.5
1806,2023-09-22 07:13:32,17.0,17.3
1807,2023-09-22 07:14:32,16.9,17.1
1808,2023-09-22 07:15:32,16.9,17.4
1809,2023-09-22 07:16:32,16.9,17.1
1810,2023-09-22 07:17:32,17.1,17.7
1811,2023-09-22 07:18:32,17.0,17.3
1812,2023-09-22 07:19:32,17.1,17.7
1813,2023-09-22 07:20:32,17.0,17.4
1814,2023-09-22 07:21:32,16.9,17.7
1815,2023-09-22 07:22:32,17.0,17.6
1816,2023-09-22 07:23:32,17.1,17.7
1817,2023-09-22 07:24:33,17.1,17.8
1818,2023-09-22 07:27:33,17.2,17.5
1819,2023-09-22 07:28:33,17.2,17.7
1820,2023-09-22 07:29:33,17.1,17.8
1821,2023-09-22 07:30:33,16.9,18.0
1822,2023-09-22 07:31:33,17.2,17.8
1823,2023-09-22 07:32:33,17.0,18.1
1824,2023-09-22 07:33:33,17.3,18.0
1825,2023-09-22 07:34:33,17.0,17.9
1826,2023-09-22 07:35:33,17.3,17.7
1827,2023-09-22 07:36:33,17.2,18.0
1828,2023-09-22 07:37:33,17.3,17.7
1829,2023-09-22 07:38:34,17.0,17.9
1830,2023-09-22 07:39:33,17.0,17.8
1831,2023-09-22 07:40:34,17.2,17.8
1832,2023-09-22 07:41:33,17.0,17.8
1833,2023-09-22 07:42:34,17.1,17.9
1834,2023-09-22 07:43:34,17.2,17.9
1835,2023-09-22 07:44:34,17.2,17.8
1836,2023-09-22 07:45:34,17.2,17.9
1837,2023-09-22 07:46:34,17.0,17.7
1838,2023-09-22 07:47:34,17.0,18.1
1839,2023-09-22 07:48:34,17.1,17.7
1840,2023-09-22 07:49:34,17.4,17.6
1841,2023-09-22 07:50:34,17.4,17.7
1842,2023-09-22 07:51:34,17.2,18.0
1843,2023-09-22 07:52:34,17.3,17.8
1844,2023-09-22 07:53:34,17.3,18.0
1845,2023-09-22 07:54:34,17.2,17.8
1846,2023-09-22 07:55:34,17.3,17.8
1847,2023-09-22 07:56:34,16.9,18.1
1848,2023-09-22 07:57:35,17.2,17.9
1849,2023-09-22 07:58:35,17.4,17.8
1850,2023-09-22 07:59:35,17.3,18.0
1851,2023-09-22 08:00:35,17.2,18.1
1852,2023-09-22 08:01:35,17.2,17.6
1853,2023-09-22 08:02:35,17.5,18.1
1854,2023-09-22 08:03:35,17.3,17.9
1855,2023-09-22 08:04:35,17.4,18.4
1856,2023-09-22 08:05:35,17.2,18.0
1857,2023-09-22 08:06:35,17.4,18.1
1858,2023-09-22 08:07:35,17.4,18.3
1859,2023-09-22 08:08:35,17.5,17.9
1860,2023-09-22 08:09:35,17.5,17.8
1861,2023-09-22 08:10:35,17.3,18.0
1862,2023-09-22 08:11:35,17.2,18.1
1863,2023-09-22 08:12:35,17.3,17.8
1864,2023-09-22 08:15:36,17.2,18.2
1865,2023-09-22 08:16:36,17.2,18.0
1866,2023-09-22 08:17:36,17.2,18.0
1867,2023-09-22 08:18:36,17.3,18.0
1868,2023-09-22 08:19:36,17.2,18.0
1869,2023-09-22 08:20:36,17.2,17.9
1870,2023-09-22 08:21:36,17.0,17.9
1871,2023-09-22 08:22:36,17.1,17.8
1872,2023-09-22 08:23:36,17.3,18.0
1873,2023-09-22 08:24:36,17.4,18.4
1874,2023-09-22 08:25:36,17.3,18.8
1875,2023-09-22 08:26:36,17.6,19.1
1876,2023-09-22 08:27:36,17.9,19.5
1877,2023-09-22 08:28:36,17.6,19.1
1878,2023-09-22 08:29:37,17.6,18.9
1879,2023-09-22 08:30:36,17.6,18.7
1880,2023-09-22 08:31:37,17.8,18.9
1881,2023-09-22 08:32:37,18.1,20.9
1882,2023-09-22 08:33:37,18.4,21.8
1883,2023-09-22 08:34:37,18.4,21.8
1884,2023-09-22 08:35:37,18.2,20.9
1885,2023-09-22 08:36:37,18.7,21.7
1886,2023-09-22 08:37:37,18.6,21.7
1887,2023-09-22 08:38:37,18.4,20.8
1888,2023-09-22 08:39:37,18.0,20.2
1889,2023-09-22 08:40:37,17.8,19.5
1890,2023-09-22 08:41:37,18.1,20.2
1891,2023-09-22 08:42:37,18.2,20.5
1892,2023-09-22 08:43:37,17.8,19.6
1893,2023-09-22 08:44:37,17.7,19.1
1894,2023-09-22 08:45:38,17.6,19.1
1895,2023-09-22 08:47:38,17.9,18.9
1896,2023-09-22 08:48:38,17.8,19.2
1897,2023-09-22 08:49:38,17.7,18.9
1898,2023-09-22 08:50:38,17.9,18.9
1899,2023-09-22 08:51:38,18.0,19.7
1900,2023-09-22 08:52:38,18.2,19.9
1901,2023-09-22 08:53:38,17.9,20.1
1902,2023-09-22 08:54:38,17.9,19.7
1903,2023-09-22 08:56:38,17.7,19.4
1904,2023-09-22 08:57:38,17.8,19.5
1905,2023-09-22 08:58:38,18.0,19.4
1906,2023-09-22 09:00:38,17.8,19.6
1907,2023-09-22 09:01:38,18.0,19.7
1908,2023-09-22 09:02:39,18.0,19.6
1909,2023-09-22 09:03:48,17.9,19.6
1910,2023-09-22 09:04:39,17.9,19.7
1911,2023-09-22 09:05:39,18.2,19.5
1912,2023-09-22 09:06:39,18.2,19.6
1913,2023-09-22 09:07:39,18.1,19.4
1914,2023-09-22 09:08:39,18.1,19.5
1915,2023-09-22 09:09:39,17.8,19.6
1916,2023-09-22 09:10:39,18.0,19.3
1917,2023-09-22 09:11:39,17.9,19.8
1918,2023-09-22 09:12:39,17.9,19.6
1919,2023-09-22 09:13:39,18.0,20.2
1920,2023-09-22 09:14:39,18.3,20.0
1921,2023-09-22 09:15:39,18.6,21.0
1922,2023-09-22 09:16:39,18.4,21.5
1923,2023-09-22 09:17:40,18.4,21.1
1924,2023-09-22 09:18:39,18.2,20.4
1925,2023-09-22 09:19:40,18.1,20.2
1926,2023-09-22 09:20:40,17.9,19.9
1927,2023-09-22 09:21:40,17.9,20.1
1928,2023-09-22 09:22:40,17.9,20.0
1929,2023-09-22 09:24:40,17.8,19.8
1930,2023-09-22 09:25:40,17.7,19.8
1931,2023-09-22 09:26:40,17.8,19.9
1932,2023-09-22 09:27:40,18.2,19.9
1933,2023-09-22 09:28:40,17.8,20.0
1934,2023-09-22 09:29:40,18.1,20.1
1935,2023-09-22 09:30:40,18.2,20.6
1936,2023-09-22 09:31:40,18.9,23.1
1937,2023-09-22 09:32:40,19.1,23.8
1938,2023-09-22 09:33:40,19.0,22.8
1939,2023-09-22 09:34:41,18.7,22.8
1940,2023-09-22 09:35:41,18.9,23.1
1941,2023-09-22 09:36:41,19.4,25.3
1942,2023-09-22 09:37:41,19.7,25.5
1943,2023-09-22 09:38:42,19.2,24.3
1944,2023-09-22 09:39:41,19.1,23.0
1945,2023-09-22 09:40:41,19.0,22.4
1946,2023-09-22 09:41:41,18.7,21.6
1947,2023-09-22 09:42:41,18.6,21.5
1948,2023-09-22 09:43:43,18.2,21.3
1949,2023-09-22 09:54:41,18.1,20.9
1950,2023-09-22 09:54:42,18.3,20.5
1951,2023-09-22 09:55:42,18.4,20.3
1952,2023-09-22 09:55:46,18.1,20.7
1953,2023-09-22 09:56:42,18.0,20.1
1954,2023-09-22 09:57:42,18.2,20.3
1955,2023-09-22 09:58:42,17.9,20.2
1956,2023-09-22 09:59:42,18.2,20.3
1957,2023-09-22 10:00:43,18.0,20.5
1958,2023-09-22 10:01:42,17.7,20.5
1959,2023-09-22 10:02:42,18.1,20.3
1960,2023-09-22 10:03:42,18.0,20.5
1961,2023-09-22 10:04:42,17.8,20.7
1962,2023-09-22 10:05:42,17.7,20.9
1963,2023-09-22 10:06:43,18.0,20.6
1964,2023-09-22 10:07:43,18.2,20.5
1965,2023-09-22 10:08:43,18.1,20.8
1966,2023-09-22 10:09:43,17.9,21.0
1967,2023-09-22 10:10:43,18.0,20.7
1968,2023-09-22 10:11:43,17.8,20.6
1969,2023-09-22 10:12:43,17.7,20.6
1970,2023-09-22 10:13:43,17.8,20.6
1971,2023-09-22 10:14:43,17.6,20.6
1972,2023-09-22 10:15:43,17.5,20.6
1973,2023-09-22 10:16:43,17.5,20.7
1974,2023-09-22 10:17:43,17.6,20.4
1975,2023-09-22 10:18:43,17.5,20.5
1976,2023-09-22 10:19:43,17.4,20.6
1977,2023-09-22 10:20:43,17.5,20.5
